activity_id,employee_id,start_datetime,sport_type,distance_meters,end_datetime
1,17027,2025-10-06T17:07:01.000Z,Tennis,,2025-10-06T18:20:01.000Z
2,17027,2025-12-22T16:28:29.000Z,Tennis,,2025-12-22T18:15:29.000Z
3,17027,2026-06-16T19:17:46.000Z,Tennis,,2026-06-16T20:28:46.000Z
4,17027,2026-05-14T07:47:20.000Z,Tennis,,2026-05-14T08:54:20.000Z
5,17027,2025-10-08T13:43:48.000Z,Tennis,,2025-10-08T14:36:48.000Z
6,17027,2025-12-26T08:33:24.000Z,Tennis,,2025-12-26T10:13:24.000Z
7,17027,2026-05-02T23:10:59.000Z,Tennis,,2026-05-03T00:01:59.000Z
8,17027,2025-12-21T14:39:19.000Z,Tennis,,2025-12-21T17:11:19.000Z
9,17027,2026-08-07T08:26:19.000Z,Tennis,,2026-08-07T10:22:19.000Z
10,17027,2026-06-25T03:07:50.000Z,Tennis,,2026-06-25T04:32:50.000Z
11,17027,2026-01-12T21:56:55.000Z,Tennis,,2026-01-13T00:08:55.000Z
12,17027,2026-07-20T12:16:51.000Z,Tennis,,2026-07-20T13:56:51.000Z
13,17027,2025-11-02T00:27:14.000Z,Tennis,,2025-11-02T01:38:14.000Z
14,17027,2026-02-13T09:55:49.000Z,Tennis,,2026-02-13T11:04:49.000Z
15,17027,2026-08-06T10:58:50.000Z,Tennis,,2026-08-06T12:50:50.000Z
16,17027,2026-04-23T06:00:29.000Z,Tennis,,2026-04-23T08:42:29.000Z
17,17027,2025-10-27T14:28:15.000Z,Tennis,,2025-10-27T16:49:15.000Z
18,17027,2026-08-15T02:36:42.000Z,Tennis,,2026-08-15T04:36:42.000Z
19,17027,2026-06-27T15:05:07.000Z,Tennis,,2026-06-27T16:39:07.000Z
20,17027,2026-06-10T19:25:15.000Z,Tennis,,2026-06-10T20:21:15.000Z
21,17027,2025-10-27T23:42:54.000Z,Tennis,,2025-10-28T01:41:54.000Z
22,17027,2026-02-21T15:01:59.000Z,Tennis,,2026-02-21T16:11:59.000Z
23,17027,2026-05-31T21:00:30.000Z,Tennis,,2026-05-31T23:41:30.000Z
24,17027,2026-02-17T18:20:12.000Z,Tennis,,2026-02-17T19:46:12.000Z
25,17027,2026-06-14T06:29:07.000Z,Tennis,,2026-06-14T08:07:07.000Z
26,17027,2026-05-21T13:30:44.000Z,Tennis,,2026-05-21T14:33:44.000Z
27,17027,2025-11-29T11:01:17.000Z,Tennis,,2025-11-29T12:48:17.000Z
28,17027,2026-01-09T20:05:45.000Z,Tennis,,2026-01-09T22:27:45.000Z
29,17027,2026-06-19T21:04:02.000Z,Tennis,,2026-06-19T22:45:02.000Z
30,17027,2025-12-24T22:52:57.000Z,Tennis,,2025-12-24T23:51:57.000Z
31,17027,2026-03-01T19:07:36.000Z,Tennis,,2026-03-01T21:12:36.000Z
32,17027,2025-12-17T22:30:09.000Z,Tennis,,2025-12-17T23:31:09.000Z
33,17027,2026-06-08T13:07:52.000Z,Tennis,,2026-06-08T14:46:52.000Z
34,17027,2026-09-05T13:50:40.000Z,Tennis,,2026-09-05T16:16:40.000Z
35,17027,2026-01-07T20:51:43.000Z,Tennis,,2026-01-07T22:12:43.000Z
36,17027,2026-07-13T07:48:02.000Z,Tennis,,2026-07-13T09:36:02.000Z
37,17027,2026-07-14T02:40:24.000Z,Tennis,,2026-07-14T04:32:24.000Z
38,17027,2026-02-14T14:03:05.000Z,Tennis,,2026-02-14T16:30:05.000Z
39,17027,2026-04-12T21:07:45.000Z,Tennis,,2026-04-12T22:27:45.000Z
40,17027,2026-07-17T12:24:01.000Z,Tennis,,2026-07-17T13:32:01.000Z
41,17027,2025-11-25T08:35:03.000Z,Tennis,,2025-11-25T09:48:03.000Z
42,17027,2026-05-16T14:56:06.000Z,Tennis,,2026-05-16T17:29:06.000Z
43,17027,2026-02-22T04:56:58.000Z,Tennis,,2026-02-22T07:19:58.000Z
44,17027,2026-01-02T15:20:57.000Z,Tennis,,2026-01-02T18:20:57.000Z
45,17027,2026-06-18T04:42:03.000Z,Tennis,,2026-06-18T05:29:03.000Z
46,17036,2026-07-15T14:41:18.000Z,Escalade,,2026-07-15T17:43:18.000Z
47,17036,2026-02-06T02:39:54.000Z,Escalade,,2026-02-06T06:08:54.000Z
48,17036,2026-03-14T20:18:21.000Z,Escalade,,2026-03-14T22:18:21.000Z
49,17036,2025-09-28T06:14:54.000Z,Escalade,,2025-09-28T08:55:54.000Z
50,17036,2026-07-19T22:00:08.000Z,Escalade,,2026-07-20T00:53:08.000Z
51,17036,2026-09-16T10:18:28.000Z,Escalade,,2026-09-16T13:12:28.000Z
52,17036,2026-01-20T21:42:25.000Z,Escalade,,2026-01-21T01:07:25.000Z
53,17036,2025-12-13T05:59:09.000Z,Escalade,,2025-12-13T09:19:09.000Z
54,17036,2026-07-20T03:06:56.000Z,Escalade,,2026-07-20T05:26:56.000Z
55,17036,2026-07-26T09:19:29.000Z,Escalade,,2026-07-26T12:22:29.000Z
56,17036,2026-05-17T14:34:05.000Z,Escalade,,2026-05-17T15:19:05.000Z
57,17036,2025-10-04T13:32:11.000Z,Escalade,,2025-10-04T16:22:11.000Z
58,17036,2026-09-03T06:16:53.000Z,Escalade,,2026-09-03T08:33:53.000Z
59,17036,2025-10-19T11:54:06.000Z,Escalade,,2025-10-19T13:40:06.000Z
60,17036,2025-10-27T14:04:08.000Z,Escalade,,2025-10-27T17:14:08.000Z
61,17036,2026-04-03T17:45:33.000Z,Escalade,,2026-04-03T21:37:33.000Z
62,17036,2026-04-21T21:10:52.000Z,Escalade,,2026-04-22T01:09:52.000Z
63,17036,2026-06-10T05:19:24.000Z,Escalade,,2026-06-10T06:36:24.000Z
64,17036,2025-11-30T03:05:41.000Z,Escalade,,2025-11-30T06:10:41.000Z
65,17036,2026-08-31T19:39:55.000Z,Escalade,,2026-08-31T22:39:55.000Z
66,17036,2026-09-22T18:06:04.000Z,Escalade,,2026-09-22T19:45:04.000Z
67,17036,2026-07-07T11:27:02.000Z,Escalade,,2026-07-07T15:25:02.000Z
68,17036,2026-01-26T01:24:23.000Z,Escalade,,2026-01-26T05:11:23.000Z
69,17036,2026-06-06T09:18:09.000Z,Escalade,,2026-06-06T12:54:09.000Z
70,17036,2026-09-11T09:00:39.000Z,Escalade,,2026-09-11T11:37:39.000Z
71,17036,2025-11-12T23:50:27.000Z,Escalade,,2025-11-13T02:30:27.000Z
72,17036,2025-10-21T20:45:52.000Z,Escalade,,2025-10-21T22:27:52.000Z
73,17036,2026-05-13T11:26:04.000Z,Escalade,,2026-05-13T12:16:04.000Z
74,17036,2026-05-13T12:39:33.000Z,Escalade,,2026-05-13T14:22:33.000Z
75,17036,2025-10-24T13:42:12.000Z,Escalade,,2025-10-24T14:28:12.000Z
76,17036,2025-10-23T04:12:59.000Z,Escalade,,2025-10-23T05:55:59.000Z
77,17036,2025-10-24T12:26:18.000Z,Escalade,,2025-10-24T14:35:18.000Z
78,17036,2026-01-13T03:35:46.000Z,Escalade,,2026-01-13T05:20:46.000Z
79,17036,2026-04-24T10:01:28.000Z,Escalade,,2026-04-24T11:40:28.000Z
80,17036,2026-09-25T07:37:28.000Z,Escalade,,2026-09-25T11:27:28.000Z
81,17036,2026-07-28T17:10:59.000Z,Escalade,,2026-07-28T18:57:59.000Z
82,17036,2025-12-09T22:44:56.000Z,Escalade,,2025-12-10T01:13:56.000Z
83,17036,2026-06-09T22:09:51.000Z,Escalade,,2026-06-09T23:18:51.000Z
84,17036,2026-03-10T12:02:20.000Z,Escalade,,2026-03-10T14:17:20.000Z
85,17036,2026-08-28T11:32:31.000Z,Escalade,,2026-08-28T14:16:31.000Z
86,17036,2026-06-07T18:38:47.000Z,Escalade,,2026-06-07T22:15:47.000Z
87,17036,2026-03-02T08:42:08.000Z,Escalade,,2026-03-02T09:42:08.000Z
88,17036,2026-01-01T13:38:42.000Z,Escalade,,2026-01-01T14:50:42.000Z
89,17036,2026-04-23T06:32:43.000Z,Escalade,,2026-04-23T08:05:43.000Z
90,17036,2026-03-09T20:13:18.000Z,Escalade,,2026-03-09T21:33:18.000Z
91,17036,2026-03-25T16:00:22.000Z,Escalade,,2026-03-25T17:56:22.000Z
92,17036,2026-03-18T02:16:40.000Z,Escalade,,2026-03-18T03:20:40.000Z
93,17036,2025-10-16T15:31:02.000Z,Escalade,,2025-10-16T16:41:02.000Z
94,17757,2026-09-21T18:21:57.000Z,Badminton,,2026-09-21T19:02:57.000Z
95,17757,2026-03-03T20:03:12.000Z,Badminton,,2026-03-03T20:54:12.000Z
96,17757,2025-12-19T00:16:09.000Z,Badminton,,2025-12-19T01:47:09.000Z
97,17757,2025-11-29T22:31:45.000Z,Badminton,,2025-11-29T23:08:45.000Z
98,17757,2026-02-25T14:59:40.000Z,Badminton,,2026-02-25T15:29:40.000Z
99,17997,2026-03-10T06:42:55.000Z,Tennis de table,,2026-03-10T07:48:55.000Z
100,17997,2026-07-03T00:03:01.000Z,Tennis de table,,2026-07-03T01:57:01.000Z
101,17997,2025-12-09T17:58:35.000Z,Tennis de table,,2025-12-09T18:47:35.000Z
102,17997,2025-10-19T17:06:13.000Z,Tennis de table,,2025-10-19T18:03:13.000Z
103,17997,2026-07-14T11:38:15.000Z,Tennis de table,,2026-07-14T12:15:15.000Z
104,17997,2025-10-16T11:21:37.000Z,Tennis de table,,2025-10-16T11:58:37.000Z
105,17997,2026-09-19T01:18:32.000Z,Tennis de table,,2026-09-19T02:52:32.000Z
106,17997,2025-10-19T02:09:21.000Z,Tennis de table,,2025-10-19T02:59:21.000Z
107,17997,2026-08-23T15:05:15.000Z,Tennis de table,,2026-08-23T15:45:15.000Z
108,17997,2026-05-16T02:07:45.000Z,Tennis de table,,2026-05-16T02:45:45.000Z
109,17997,2026-08-27T16:44:13.000Z,Tennis de table,,2026-08-27T18:40:13.000Z
110,17997,2025-11-12T13:25:27.000Z,Tennis de table,,2025-11-12T14:46:27.000Z
111,17997,2026-05-15T21:19:12.000Z,Tennis de table,,2026-05-15T23:03:12.000Z
112,17997,2025-10-28T20:08:26.000Z,Tennis de table,,2025-10-28T21:57:26.000Z
113,17997,2026-05-11T16:13:12.000Z,Tennis de table,,2026-05-11T18:07:12.000Z
114,17997,2026-09-25T00:05:37.000Z,Tennis de table,,2026-09-25T01:15:37.000Z
115,17997,2026-06-14T02:17:54.000Z,Tennis de table,,2026-06-14T03:13:54.000Z
116,17997,2026-01-08T03:42:24.000Z,Tennis de table,,2026-01-08T04:42:24.000Z
117,17997,2026-06-14T20:36:23.000Z,Tennis de table,,2026-06-14T21:22:23.000Z
118,17997,2026-01-27T18:59:06.000Z,Tennis de table,,2026-01-27T20:27:06.000Z
119,17997,2026-03-23T23:31:50.000Z,Tennis de table,,2026-03-24T00:02:50.000Z
120,17997,2026-04-23T19:06:57.000Z,Tennis de table,,2026-04-23T19:45:57.000Z
121,17997,2026-01-07T23:50:49.000Z,Tennis de table,,2026-01-08T01:24:49.000Z
122,17997,2026-09-04T02:14:57.000Z,Tennis de table,,2026-09-04T03:28:57.000Z
123,17997,2026-02-17T12:14:31.000Z,Tennis de table,,2026-02-17T13:15:31.000Z
124,17997,2026-03-16T04:10:34.000Z,Tennis de table,,2026-03-16T05:00:34.000Z
125,17997,2026-01-22T11:39:50.000Z,Tennis de table,,2026-01-22T13:39:50.000Z
126,17997,2026-06-13T08:56:10.000Z,Tennis de table,,2026-06-13T09:27:10.000Z
127,17997,2026-09-23T20:35:44.000Z,Tennis de table,,2026-09-23T21:43:44.000Z
128,17997,2026-01-07T17:00:03.000Z,Tennis de table,,2026-01-07T17:47:03.000Z
129,17997,2026-07-12T07:49:30.000Z,Tennis de table,,2026-07-12T08:32:30.000Z
130,17997,2026-01-10T18:28:09.000Z,Tennis de table,,2026-01-10T19:17:09.000Z
131,17997,2025-12-17T19:12:38.000Z,Tennis de table,,2025-12-17T20:59:38.000Z
132,17997,2026-06-20T23:56:15.000Z,Tennis de table,,2026-06-21T00:52:15.000Z
133,18918,2026-01-02T12:37:10.000Z,Tennis,,2026-01-02T15:27:10.000Z
134,18918,2026-05-31T07:57:34.000Z,Tennis,,2026-05-31T09:05:34.000Z
135,18918,2025-10-14T02:55:06.000Z,Tennis,,2025-10-14T04:50:06.000Z
136,18918,2026-07-23T11:21:07.000Z,Tennis,,2026-07-23T13:31:07.000Z
137,18918,2025-11-28T18:03:11.000Z,Tennis,,2025-11-28T19:55:11.000Z
138,18918,2026-05-02T20:01:51.000Z,Tennis,,2026-05-02T22:35:51.000Z
139,18918,2025-10-26T05:19:24.000Z,Tennis,,2025-10-26T06:32:24.000Z
140,18918,2026-08-17T02:59:21.000Z,Tennis,,2026-08-17T03:53:21.000Z
141,18918,2026-03-12T21:54:09.000Z,Tennis,,2026-03-12T23:16:09.000Z
142,18918,2026-01-24T17:10:33.000Z,Tennis,,2026-01-24T18:05:33.000Z
143,18918,2026-09-11T02:35:05.000Z,Tennis,,2026-09-11T03:30:05.000Z
144,18918,2026-06-18T21:19:20.000Z,Tennis,,2026-06-18T22:57:20.000Z
145,18918,2026-02-11T08:31:25.000Z,Tennis,,2026-02-11T09:42:25.000Z
146,18918,2026-05-26T00:59:04.000Z,Tennis,,2026-05-26T03:28:04.000Z
147,18918,2026-08-28T18:42:33.000Z,Tennis,,2026-08-28T20:27:33.000Z
148,18918,2026-09-04T07:23:40.000Z,Tennis,,2026-09-04T08:53:40.000Z
149,18918,2025-12-05T15:45:45.000Z,Tennis,,2025-12-05T16:36:45.000Z
150,18918,2026-08-04T13:22:24.000Z,Tennis,,2026-08-04T15:52:24.000Z
151,18918,2025-11-27T19:49:53.000Z,Tennis,,2025-11-27T21:42:53.000Z
152,18918,2026-08-31T17:11:01.000Z,Tennis,,2026-08-31T19:33:01.000Z
153,18918,2025-12-22T09:13:57.000Z,Tennis,,2025-12-22T11:58:57.000Z
154,18918,2026-02-09T19:03:09.000Z,Tennis,,2026-02-09T21:45:09.000Z
155,18918,2025-12-22T13:47:53.000Z,Tennis,,2025-12-22T15:30:53.000Z
156,18918,2026-02-28T17:58:19.000Z,Tennis,,2026-02-28T19:32:19.000Z
157,18918,2026-08-28T16:21:12.000Z,Tennis,,2026-08-28T18:17:12.000Z
158,18918,2026-02-10T08:55:08.000Z,Tennis,,2026-02-10T10:51:08.000Z
159,18918,2026-06-17T21:34:04.000Z,Tennis,,2026-06-18T00:01:04.000Z
160,18918,2026-09-26T18:19:28.000Z,Tennis,,2026-09-26T20:28:28.000Z
161,18918,2026-09-02T14:35:25.000Z,Tennis,,2026-09-02T15:49:25.000Z
162,18918,2026-05-10T11:29:18.000Z,Tennis,,2026-05-10T12:59:18.000Z
163,18918,2025-11-08T02:23:05.000Z,Tennis,,2025-11-08T03:17:05.000Z
164,18918,2026-07-06T22:31:55.000Z,Tennis,,2026-07-07T00:44:55.000Z
165,18918,2026-05-20T10:16:33.000Z,Tennis,,2026-05-20T12:52:33.000Z
166,18918,2026-02-23T14:16:53.000Z,Tennis,,2026-02-23T15:30:53.000Z
167,18918,2025-10-14T05:42:44.000Z,Tennis,,2025-10-14T07:32:44.000Z
168,18918,2026-04-16T22:00:31.000Z,Tennis,,2026-04-16T22:45:31.000Z
169,18918,2026-02-15T10:47:24.000Z,Tennis,,2026-02-15T12:22:24.000Z
170,18941,2026-09-19T14:12:23.000Z,Running,9595.0,2026-09-19T15:57:23.000Z
171,18941,2026-08-22T08:04:31.000Z,Running,4866.0,2026-08-22T09:48:31.000Z
172,18941,2026-01-25T02:44:31.000Z,Running,17339.0,2026-01-25T04:08:31.000Z
173,18941,2026-06-24T18:27:12.000Z,Running,8800.0,2026-06-24T19:38:12.000Z
174,18941,2026-03-09T06:50:37.000Z,Running,17293.0,2026-03-09T07:34:37.000Z
175,18941,2026-07-14T13:07:10.000Z,Running,22765.0,2026-07-14T14:53:10.000Z
176,18941,2026-04-27T19:08:41.000Z,Running,21176.0,2026-04-27T20:19:41.000Z
177,18941,2025-12-17T15:02:40.000Z,Running,11887.0,2025-12-17T15:58:40.000Z
178,18941,2026-03-17T13:44:38.000Z,Running,12170.0,2026-03-17T15:03:38.000Z
179,19260,2026-08-01T06:09:00.000Z,Running,22727.0,2026-08-01T07:29:00.000Z
180,19260,2025-10-29T22:21:06.000Z,Running,8527.0,2025-10-30T00:05:06.000Z
181,19260,2026-08-10T20:15:34.000Z,Running,23896.0,2026-08-10T20:46:34.000Z
182,19260,2026-01-25T13:19:08.000Z,Running,7167.0,2026-01-25T15:05:08.000Z
183,19260,2025-10-06T11:39:40.000Z,Running,3063.0,2025-10-06T12:17:40.000Z
184,19260,2026-08-23T00:07:45.000Z,Running,19675.0,2026-08-23T01:45:45.000Z
185,19260,2026-09-06T03:23:40.000Z,Running,16485.0,2026-09-06T04:36:40.000Z
186,19260,2026-06-24T10:29:31.000Z,Running,10832.0,2026-06-24T12:20:31.000Z
187,19260,2025-11-23T07:27:52.000Z,Running,17089.0,2025-11-23T08:18:52.000Z
188,19260,2026-08-27T03:53:14.000Z,Running,19711.0,2026-08-27T05:49:14.000Z
189,19260,2026-03-11T02:38:59.000Z,Running,7033.0,2026-03-11T04:37:59.000Z
190,19260,2025-10-16T12:04:09.000Z,Running,14820.0,2025-10-16T13:23:09.000Z
191,19260,2025-11-17T18:48:37.000Z,Running,20433.0,2025-11-17T20:06:37.000Z
192,19260,2026-05-16T06:01:04.000Z,Running,9298.0,2026-05-16T07:32:04.000Z
193,19260,2026-08-09T12:24:40.000Z,Running,18543.0,2026-08-09T14:02:40.000Z
194,19260,2026-08-15T13:27:56.000Z,Running,22858.0,2026-08-15T14:41:56.000Z
195,19260,2026-07-12T19:22:15.000Z,Running,21814.0,2026-07-12T20:02:15.000Z
196,19260,2026-07-15T23:04:03.000Z,Running,7687.0,2026-07-15T23:57:03.000Z
197,19260,2026-07-26T00:27:17.000Z,Running,13990.0,2026-07-26T02:25:17.000Z
198,19260,2026-03-16T19:54:35.000Z,Running,3782.0,2026-03-16T20:49:35.000Z
199,19260,2026-01-10T12:34:06.000Z,Running,9724.0,2026-01-10T13:24:06.000Z
200,19260,2025-11-19T17:44:23.000Z,Running,5469.0,2025-11-19T18:14:23.000Z
201,19260,2025-11-25T08:14:53.000Z,Running,18248.0,2025-11-25T10:02:53.000Z
202,19260,2026-03-04T07:06:05.000Z,Running,9610.0,2026-03-04T08:19:05.000Z
203,19260,2025-10-21T04:21:30.000Z,Running,6757.0,2025-10-21T05:34:30.000Z
204,19260,2026-09-13T09:42:21.000Z,Running,19705.0,2026-09-13T10:51:21.000Z
205,19260,2026-05-08T13:49:22.000Z,Running,10749.0,2026-05-08T15:46:22.000Z
206,19260,2026-01-20T23:16:17.000Z,Running,19330.0,2026-01-21T00:21:17.000Z
207,19260,2026-07-14T07:21:03.000Z,Running,18897.0,2026-07-14T08:49:03.000Z
208,19260,2025-12-21T05:09:28.000Z,Running,8278.0,2025-12-21T06:31:28.000Z
209,19260,2026-02-25T00:24:42.000Z,Running,9731.0,2026-02-25T00:47:42.000Z
210,19260,2025-11-30T02:19:42.000Z,Running,21332.0,2025-11-30T04:11:42.000Z
211,19260,2026-04-22T10:23:35.000Z,Running,2620.0,2026-04-22T12:02:35.000Z
212,19260,2026-05-04T04:30:52.000Z,Running,17249.0,2026-05-04T06:05:52.000Z
213,19260,2026-03-12T10:57:38.000Z,Running,5121.0,2026-03-12T12:39:38.000Z
214,19260,2025-10-16T12:41:12.000Z,Running,7984.0,2025-10-16T13:24:12.000Z
215,19260,2026-03-22T14:06:17.000Z,Running,9517.0,2026-03-22T14:53:17.000Z
216,20157,2026-01-02T23:20:27.000Z,Basketball,,2026-01-03T00:58:27.000Z
217,20157,2025-10-04T12:39:55.000Z,Basketball,,2025-10-04T14:24:55.000Z
218,20157,2026-02-09T21:52:00.000Z,Basketball,,2026-02-09T22:43:00.000Z
219,20157,2026-07-27T09:37:11.000Z,Basketball,,2026-07-27T10:30:11.000Z
220,20157,2026-01-01T00:50:50.000Z,Basketball,,2026-01-01T01:38:50.000Z
221,20157,2026-05-26T07:16:05.000Z,Basketball,,2026-05-26T08:03:05.000Z
222,20157,2025-11-15T00:27:53.000Z,Basketball,,2025-11-15T01:42:53.000Z
223,20157,2026-05-04T00:34:38.000Z,Basketball,,2026-05-04T01:33:38.000Z
224,20157,2026-06-25T15:29:09.000Z,Basketball,,2026-06-25T17:13:09.000Z
225,20157,2025-12-01T03:54:29.000Z,Basketball,,2025-12-01T05:26:29.000Z
226,20157,2026-01-25T19:05:34.000Z,Basketball,,2026-01-25T20:10:34.000Z
227,20157,2025-10-06T23:20:24.000Z,Basketball,,2025-10-07T01:19:24.000Z
228,20157,2026-06-17T01:20:03.000Z,Basketball,,2026-06-17T03:18:03.000Z
229,20157,2026-07-01T16:25:12.000Z,Basketball,,2026-07-01T18:00:12.000Z
230,20157,2026-05-14T22:45:07.000Z,Basketball,,2026-05-14T23:39:07.000Z
231,20157,2026-06-24T18:18:35.000Z,Basketball,,2026-06-24T19:16:35.000Z
232,20157,2026-08-02T05:22:31.000Z,Basketball,,2026-08-02T06:22:31.000Z
233,20157,2026-04-21T21:32:44.000Z,Basketball,,2026-04-21T23:01:44.000Z
234,20157,2025-10-23T18:43:24.000Z,Basketball,,2025-10-23T20:15:24.000Z
235,20157,2025-10-01T21:55:35.000Z,Basketball,,2025-10-01T23:23:35.000Z
236,20157,2025-11-06T23:41:36.000Z,Basketball,,2025-11-07T01:28:36.000Z
237,20157,2026-05-31T20:04:57.000Z,Basketball,,2026-05-31T21:35:57.000Z
238,20697,2026-03-15T03:02:03.000Z,Randonnée,7756.0,2026-03-15T05:20:03.000Z
239,20697,2026-01-09T21:21:01.000Z,Randonnée,19630.0,2026-01-10T03:54:01.000Z
240,20697,2026-04-02T18:31:24.000Z,Randonnée,15552.0,2026-04-03T02:07:24.000Z
241,20697,2026-08-23T18:32:31.000Z,Randonnée,9628.0,2026-08-23T22:17:31.000Z
242,20697,2026-09-04T09:23:53.000Z,Randonnée,15172.0,2026-09-04T12:45:53.000Z
243,20697,2026-05-22T00:42:13.000Z,Randonnée,21041.0,2026-05-22T06:33:13.000Z
244,20697,2026-04-06T23:16:13.000Z,Randonnée,25976.0,2026-04-07T00:30:13.000Z
245,20697,2025-12-18T09:06:01.000Z,Randonnée,12580.0,2025-12-18T14:15:01.000Z
246,20697,2026-01-13T14:36:21.000Z,Randonnée,26769.0,2026-01-13T18:30:21.000Z
247,20697,2025-09-30T22:36:54.000Z,Randonnée,16949.0,2025-10-01T04:20:54.000Z
248,20697,2025-12-29T17:36:05.000Z,Randonnée,22442.0,2025-12-29T19:19:05.000Z
249,20697,2026-07-18T10:36:24.000Z,Randonnée,9489.0,2026-07-18T16:20:24.000Z
250,20697,2026-06-30T10:51:07.000Z,Randonnée,16252.0,2026-06-30T17:21:07.000Z
251,20697,2026-01-19T06:28:27.000Z,Randonnée,8983.0,2026-01-19T08:15:27.000Z
252,20697,2026-06-11T20:33:21.000Z,Randonnée,18702.0,2026-06-12T00:09:21.000Z
253,20697,2026-04-21T04:33:03.000Z,Randonnée,12281.0,2026-04-21T10:16:03.000Z
254,20697,2026-02-10T15:06:42.000Z,Randonnée,21977.0,2026-02-10T18:55:42.000Z
255,20697,2026-01-02T15:15:07.000Z,Randonnée,9225.0,2026-01-02T18:51:07.000Z
256,20697,2025-11-12T10:19:51.000Z,Randonnée,23058.0,2025-11-12T14:00:51.000Z
257,20697,2025-12-20T00:51:03.000Z,Randonnée,22942.0,2025-12-20T03:29:03.000Z
258,20697,2026-05-13T23:20:53.000Z,Randonnée,29368.0,2026-05-14T06:30:53.000Z
259,20697,2026-01-14T21:44:20.000Z,Randonnée,29474.0,2026-01-15T03:49:20.000Z
260,20697,2025-12-24T08:17:48.000Z,Randonnée,12744.0,2025-12-24T11:48:48.000Z
261,20697,2026-06-28T23:12:38.000Z,Randonnée,17422.0,2026-06-29T00:19:38.000Z
262,20697,2025-10-18T04:13:09.000Z,Randonnée,17941.0,2025-10-18T05:36:09.000Z
263,20697,2026-08-30T06:38:42.000Z,Randonnée,23325.0,2026-08-30T13:04:42.000Z
264,20697,2026-05-07T22:39:58.000Z,Randonnée,10677.0,2026-05-07T23:45:58.000Z
265,20697,2026-02-06T07:36:34.000Z,Randonnée,7978.0,2026-02-06T12:21:34.000Z
266,20697,2026-08-27T15:50:24.000Z,Randonnée,15899.0,2026-08-27T18:59:24.000Z
267,20697,2026-04-05T23:24:36.000Z,Randonnée,5000.0,2026-04-06T03:49:36.000Z
268,20697,2025-11-23T22:37:20.000Z,Randonnée,24901.0,2025-11-24T00:54:20.000Z
269,20697,2026-01-01T09:18:26.000Z,Randonnée,6198.0,2026-01-01T11:01:26.000Z
270,20697,2026-05-16T12:18:17.000Z,Randonnée,24350.0,2026-05-16T18:28:17.000Z
271,20697,2026-04-17T22:43:44.000Z,Randonnée,13270.0,2026-04-18T06:20:44.000Z
272,20697,2026-08-27T01:20:03.000Z,Randonnée,18890.0,2026-08-27T04:52:03.000Z
273,20697,2026-05-05T20:00:38.000Z,Randonnée,19768.0,2026-05-05T23:36:38.000Z
274,20697,2025-12-16T16:43:25.000Z,Randonnée,19889.0,2025-12-17T00:13:25.000Z
275,20697,2025-10-28T12:43:19.000Z,Randonnée,7241.0,2025-10-28T19:21:19.000Z
276,20697,2025-10-26T03:39:19.000Z,Randonnée,7226.0,2025-10-26T09:21:19.000Z
277,20697,2026-06-21T17:24:16.000Z,Randonnée,19033.0,2026-06-21T22:14:16.000Z
278,20697,2025-12-25T21:30:53.000Z,Randonnée,10779.0,2025-12-25T22:46:53.000Z
279,20697,2026-08-26T20:06:55.000Z,Randonnée,15259.0,2026-08-27T03:05:55.000Z
280,20697,2026-07-29T23:05:21.000Z,Randonnée,24364.0,2026-07-30T02:20:21.000Z
281,20697,2025-11-10T13:47:33.000Z,Randonnée,17703.0,2025-11-10T18:24:33.000Z
282,20697,2026-08-14T00:45:39.000Z,Randonnée,6840.0,2026-08-14T04:01:39.000Z
283,20697,2026-07-31T19:50:01.000Z,Randonnée,11306.0,2026-07-31T22:14:01.000Z
284,20697,2025-11-14T07:03:36.000Z,Randonnée,15655.0,2025-11-14T11:47:36.000Z
285,20697,2026-03-02T07:39:04.000Z,Randonnée,28452.0,2026-03-02T14:37:04.000Z
286,20697,2026-04-06T18:30:18.000Z,Randonnée,14819.0,2026-04-07T00:06:18.000Z
287,20697,2026-07-09T06:21:08.000Z,Randonnée,11703.0,2026-07-09T11:02:08.000Z
288,22426,2025-12-24T21:43:48.000Z,Voile,,2025-12-24T23:29:48.000Z
289,22426,2026-05-08T19:00:40.000Z,Voile,,2026-05-08T22:17:40.000Z
290,22426,2026-03-28T17:23:07.000Z,Voile,,2026-03-28T19:52:07.000Z
291,22426,2026-09-17T18:25:02.000Z,Voile,,2026-09-17T23:11:02.000Z
292,22426,2026-05-12T07:40:03.000Z,Voile,,2026-05-12T10:12:03.000Z
293,22426,2025-11-01T10:26:27.000Z,Voile,,2025-11-01T15:37:27.000Z
294,23842,2026-02-03T10:39:33.000Z,Voile,,2026-02-03T15:08:33.000Z
295,23842,2026-08-26T02:39:06.000Z,Voile,,2026-08-26T04:32:06.000Z
296,23842,2026-03-05T20:48:37.000Z,Voile,,2026-03-06T00:36:37.000Z
297,23842,2026-06-11T07:43:34.000Z,Voile,,2026-06-11T11:10:34.000Z
298,23842,2025-10-11T06:02:31.000Z,Voile,,2025-10-11T11:43:31.000Z
299,23842,2026-01-27T03:30:44.000Z,Voile,,2026-01-27T05:15:44.000Z
300,23842,2025-11-11T00:28:03.000Z,Voile,,2025-11-11T04:13:03.000Z
301,23842,2026-08-13T08:52:43.000Z,Voile,,2026-08-13T14:15:43.000Z
302,23842,2026-03-25T09:55:53.000Z,Voile,,2026-03-25T15:32:53.000Z
303,23842,2025-12-08T20:23:45.000Z,Voile,,2025-12-08T21:50:45.000Z
304,23842,2026-05-26T19:22:05.000Z,Voile,,2026-05-26T23:27:05.000Z
305,23842,2026-07-19T03:37:30.000Z,Voile,,2026-07-19T08:23:30.000Z
306,23842,2026-01-08T17:08:40.000Z,Voile,,2026-01-08T19:52:40.000Z
307,23842,2026-09-22T06:32:12.000Z,Voile,,2026-09-22T08:39:12.000Z
308,23842,2026-09-04T02:05:07.000Z,Voile,,2026-09-04T06:49:07.000Z
309,23842,2025-10-08T05:04:57.000Z,Voile,,2025-10-08T07:06:57.000Z
310,23842,2026-01-25T16:24:04.000Z,Voile,,2026-01-25T18:45:04.000Z
311,23842,2026-04-29T11:21:22.000Z,Voile,,2026-04-29T12:28:22.000Z
312,23842,2025-12-23T06:21:42.000Z,Voile,,2025-12-23T08:08:42.000Z
313,23842,2025-11-11T14:51:49.000Z,Voile,,2025-11-11T19:47:49.000Z
314,23842,2026-09-24T04:57:23.000Z,Voile,,2026-09-24T10:12:23.000Z
315,23842,2026-06-27T22:54:46.000Z,Voile,,2026-06-28T04:14:46.000Z
316,23842,2026-08-17T04:11:27.000Z,Voile,,2026-08-17T08:43:27.000Z
317,23842,2025-12-30T15:44:12.000Z,Voile,,2025-12-30T20:45:12.000Z
318,23842,2025-11-22T04:09:39.000Z,Voile,,2025-11-22T09:51:39.000Z
319,23842,2026-09-20T00:26:02.000Z,Voile,,2026-09-20T03:03:02.000Z
320,23842,2026-08-28T13:18:53.000Z,Voile,,2026-08-28T15:27:53.000Z
321,25701,2026-07-30T19:23:28.000Z,Running,21651.0,2026-07-30T21:21:28.000Z
322,25701,2026-04-12T04:27:29.000Z,Running,8145.0,2026-04-12T06:27:29.000Z
323,25701,2026-07-05T23:17:08.000Z,Running,8867.0,2026-07-06T00:13:08.000Z
324,25701,2026-03-19T10:07:24.000Z,Running,14387.0,2026-03-19T10:46:24.000Z
325,25701,2026-04-29T08:14:35.000Z,Running,19546.0,2026-04-29T09:16:35.000Z
326,25701,2026-09-24T06:48:47.000Z,Running,9401.0,2026-09-24T08:06:47.000Z
327,25701,2025-12-28T17:49:44.000Z,Running,15151.0,2025-12-28T19:38:44.000Z
328,25701,2026-03-05T12:42:05.000Z,Running,3004.0,2026-03-05T14:41:05.000Z
329,25701,2026-09-16T17:47:10.000Z,Running,20662.0,2026-09-16T19:37:10.000Z
330,25701,2026-07-31T17:38:39.000Z,Running,20877.0,2026-07-31T19:22:39.000Z
331,25701,2025-10-11T09:02:52.000Z,Running,4904.0,2025-10-11T10:25:52.000Z
332,25701,2026-09-01T12:02:41.000Z,Running,21436.0,2026-09-01T12:34:41.000Z
333,25701,2026-09-15T13:55:53.000Z,Running,12509.0,2026-09-15T15:22:53.000Z
334,25701,2026-08-31T05:41:01.000Z,Running,17060.0,2026-08-31T06:53:01.000Z
335,25701,2026-03-28T07:58:10.000Z,Running,19975.0,2026-03-28T08:27:10.000Z
336,25701,2026-05-27T01:11:55.000Z,Running,17932.0,2026-05-27T02:14:55.000Z
337,25701,2026-08-24T00:23:49.000Z,Running,17510.0,2026-08-24T01:25:49.000Z
338,25701,2026-01-27T23:29:45.000Z,Running,16416.0,2026-01-28T00:37:45.000Z
339,25701,2025-10-10T22:36:13.000Z,Running,16202.0,2025-10-11T00:05:13.000Z
340,25701,2026-06-19T19:03:58.000Z,Running,23181.0,2026-06-19T20:43:58.000Z
341,25701,2025-11-01T02:23:47.000Z,Running,11981.0,2025-11-01T04:18:47.000Z
342,25701,2026-05-31T02:57:28.000Z,Running,18189.0,2026-05-31T04:54:28.000Z
343,27069,2026-06-23T12:33:34.000Z,Running,8888.0,2026-06-23T13:14:34.000Z
344,27069,2026-01-30T23:23:27.000Z,Running,20311.0,2026-01-30T23:48:27.000Z
345,27069,2026-02-19T13:46:19.000Z,Running,11906.0,2026-02-19T14:51:19.000Z
346,27069,2026-03-06T00:36:02.000Z,Running,15016.0,2026-03-06T02:03:02.000Z
347,27069,2025-12-03T23:45:52.000Z,Running,3816.0,2025-12-04T00:26:52.000Z
348,27069,2026-06-19T07:16:32.000Z,Running,7539.0,2026-06-19T08:55:32.000Z
349,27069,2026-03-25T02:13:43.000Z,Running,16672.0,2026-03-25T03:02:43.000Z
350,27069,2026-06-12T23:24:21.000Z,Running,2216.0,2026-06-13T00:16:21.000Z
351,27069,2026-06-17T03:47:28.000Z,Running,14572.0,2026-06-17T04:43:28.000Z
352,27069,2026-02-08T04:54:18.000Z,Running,24716.0,2026-02-08T06:10:18.000Z
353,27069,2026-03-10T18:50:45.000Z,Running,17877.0,2026-03-10T20:31:45.000Z
354,27069,2025-12-13T08:50:13.000Z,Running,24986.0,2025-12-13T09:48:13.000Z
355,27069,2025-12-28T02:55:02.000Z,Running,10771.0,2025-12-28T03:28:02.000Z
356,27069,2026-01-19T21:43:49.000Z,Running,24832.0,2026-01-19T23:16:49.000Z
357,27069,2026-08-15T08:30:38.000Z,Running,17139.0,2026-08-15T08:52:38.000Z
358,27069,2026-05-04T18:50:26.000Z,Running,21897.0,2026-05-04T19:11:26.000Z
359,27069,2026-07-13T09:30:28.000Z,Running,13425.0,2026-07-13T11:07:28.000Z
360,27069,2026-08-03T05:54:57.000Z,Running,7293.0,2026-08-03T07:53:57.000Z
361,27069,2026-06-01T05:42:31.000Z,Running,6373.0,2026-06-01T06:30:31.000Z
362,27069,2026-07-17T10:29:27.000Z,Running,18581.0,2026-07-17T12:15:27.000Z
363,27069,2025-11-03T17:38:00.000Z,Running,22778.0,2025-11-03T19:18:00.000Z
364,27069,2026-07-30T06:22:56.000Z,Running,12139.0,2026-07-30T07:21:56.000Z
365,27069,2025-11-17T00:50:48.000Z,Running,4073.0,2025-11-17T02:43:48.000Z
366,27069,2026-07-14T07:01:35.000Z,Running,11557.0,2026-07-14T08:02:35.000Z
367,27069,2026-07-29T10:49:50.000Z,Running,14406.0,2026-07-29T11:25:50.000Z
368,27069,2026-04-09T21:03:58.000Z,Running,23010.0,2026-04-09T22:30:58.000Z
369,27069,2026-09-16T23:33:13.000Z,Running,20968.0,2026-09-17T00:25:13.000Z
370,27069,2026-07-13T22:26:14.000Z,Running,22019.0,2026-07-13T23:23:14.000Z
371,27069,2025-10-26T05:50:27.000Z,Running,5237.0,2025-10-26T07:09:27.000Z
372,27069,2026-07-05T06:11:20.000Z,Running,17511.0,2026-07-05T07:57:20.000Z
373,27069,2026-02-16T01:16:14.000Z,Running,4077.0,2026-02-16T02:47:14.000Z
374,27069,2026-01-07T16:55:57.000Z,Running,14341.0,2026-01-07T17:16:57.000Z
375,27069,2026-06-15T07:12:54.000Z,Running,19227.0,2026-06-15T08:19:54.000Z
376,27483,2026-08-12T09:29:05.000Z,Badminton,,2026-08-12T10:47:05.000Z
377,27483,2026-06-16T01:55:57.000Z,Badminton,,2026-06-16T02:38:57.000Z
378,27483,2025-10-06T17:14:47.000Z,Badminton,,2025-10-06T18:44:47.000Z
379,27483,2026-09-17T10:48:12.000Z,Badminton,,2026-09-17T11:59:12.000Z
380,27483,2025-10-21T13:13:31.000Z,Badminton,,2025-10-21T15:05:31.000Z
381,27483,2026-01-22T08:36:59.000Z,Badminton,,2026-01-22T10:35:59.000Z
382,27483,2025-11-20T06:48:58.000Z,Badminton,,2025-11-20T07:32:58.000Z
383,27483,2026-01-23T04:53:00.000Z,Badminton,,2026-01-23T05:27:00.000Z
384,27483,2025-11-03T17:53:42.000Z,Badminton,,2025-11-03T18:37:42.000Z
385,27483,2025-11-18T16:28:50.000Z,Badminton,,2025-11-18T18:06:50.000Z
386,27483,2026-02-18T02:04:40.000Z,Badminton,,2026-02-18T03:32:40.000Z
387,27483,2026-05-13T02:24:31.000Z,Badminton,,2026-05-13T03:47:31.000Z
388,27483,2026-06-08T08:18:52.000Z,Badminton,,2026-06-08T09:41:52.000Z
389,27483,2026-05-24T02:17:40.000Z,Badminton,,2026-05-24T03:49:40.000Z
390,27483,2025-10-09T16:56:16.000Z,Badminton,,2025-10-09T18:01:16.000Z
391,27483,2026-03-18T04:37:47.000Z,Badminton,,2026-03-18T05:34:47.000Z
392,27483,2026-08-25T05:22:25.000Z,Badminton,,2026-08-25T06:22:25.000Z
393,27483,2026-06-20T07:00:11.000Z,Badminton,,2026-06-20T07:42:11.000Z
394,27483,2026-09-12T04:25:04.000Z,Badminton,,2026-09-12T06:04:04.000Z
395,27483,2026-02-28T14:55:49.000Z,Badminton,,2026-02-28T15:32:49.000Z
396,27483,2025-11-13T10:36:39.000Z,Badminton,,2025-11-13T11:30:39.000Z
397,27483,2026-06-11T09:27:08.000Z,Badminton,,2026-06-11T10:08:08.000Z
398,27483,2026-06-02T08:30:21.000Z,Badminton,,2026-06-02T10:22:21.000Z
399,27483,2026-07-29T13:27:25.000Z,Badminton,,2026-07-29T14:03:25.000Z
400,27483,2025-11-14T21:41:44.000Z,Badminton,,2025-11-14T22:42:44.000Z
401,27483,2026-08-15T06:27:46.000Z,Badminton,,2026-08-15T07:05:46.000Z
402,27483,2026-05-12T17:29:11.000Z,Badminton,,2026-05-12T18:25:11.000Z
403,27483,2026-02-01T14:23:49.000Z,Badminton,,2026-02-01T15:22:49.000Z
404,27483,2025-09-28T02:25:45.000Z,Badminton,,2025-09-28T04:11:45.000Z
405,27483,2025-11-16T11:36:52.000Z,Badminton,,2025-11-16T12:24:52.000Z
406,27483,2026-08-03T02:41:17.000Z,Badminton,,2026-08-03T03:43:17.000Z
407,27483,2026-06-10T17:30:13.000Z,Badminton,,2026-06-10T18:14:13.000Z
408,27483,2025-10-02T18:30:29.000Z,Badminton,,2025-10-02T19:16:29.000Z
409,27483,2026-05-13T16:30:25.000Z,Badminton,,2026-05-13T17:30:25.000Z
410,27483,2025-12-03T16:05:32.000Z,Badminton,,2025-12-03T16:37:32.000Z
411,27483,2025-11-15T05:28:30.000Z,Badminton,,2025-11-15T06:04:30.000Z
412,27483,2025-11-10T03:17:17.000Z,Badminton,,2025-11-10T04:54:17.000Z
413,27483,2026-03-20T02:13:40.000Z,Badminton,,2026-03-20T03:43:40.000Z
414,27483,2026-05-15T13:22:06.000Z,Badminton,,2026-05-15T14:57:06.000Z
415,27483,2026-04-10T16:07:01.000Z,Badminton,,2026-04-10T17:34:01.000Z
416,27483,2025-10-13T20:11:29.000Z,Badminton,,2025-10-13T21:59:29.000Z
417,27483,2026-03-23T21:15:56.000Z,Badminton,,2026-03-23T22:23:56.000Z
418,29450,2026-08-22T01:23:41.000Z,Randonnée,13844.0,2026-08-22T06:28:41.000Z
419,29450,2026-06-30T16:03:41.000Z,Randonnée,27562.0,2026-06-30T21:14:41.000Z
420,29450,2026-01-30T02:17:59.000Z,Randonnée,19424.0,2026-01-30T03:58:59.000Z
421,29450,2026-01-11T19:20:05.000Z,Randonnée,19857.0,2026-01-11T21:24:05.000Z
422,29450,2026-01-31T06:56:52.000Z,Randonnée,13284.0,2026-01-31T14:00:52.000Z
423,29450,2026-03-22T04:56:03.000Z,Randonnée,16650.0,2026-03-22T08:26:03.000Z
424,29450,2026-08-01T00:11:28.000Z,Randonnée,21948.0,2026-08-01T02:01:28.000Z
425,29450,2026-08-29T02:58:23.000Z,Randonnée,8806.0,2026-08-29T10:07:23.000Z
426,29793,2026-02-05T15:04:17.000Z,Running,21031.0,2026-02-05T16:16:17.000Z
427,29793,2026-07-07T08:28:53.000Z,Running,4187.0,2026-07-07T09:41:53.000Z
428,29793,2026-06-12T07:15:16.000Z,Running,7862.0,2026-06-12T08:15:16.000Z
429,29793,2026-09-20T10:50:38.000Z,Running,12908.0,2026-09-20T12:37:38.000Z
430,29793,2025-11-02T04:58:03.000Z,Running,11933.0,2025-11-02T05:28:03.000Z
431,29793,2026-05-01T01:45:04.000Z,Running,3380.0,2026-05-01T02:21:04.000Z
432,29793,2026-02-02T00:31:23.000Z,Running,17410.0,2026-02-02T02:02:23.000Z
433,29793,2026-09-01T06:36:39.000Z,Running,17303.0,2026-09-01T07:41:39.000Z
434,29793,2025-10-16T23:30:43.000Z,Running,24273.0,2025-10-17T01:22:43.000Z
435,29793,2025-11-06T05:37:38.000Z,Running,15292.0,2025-11-06T06:42:38.000Z
436,29793,2026-06-09T01:13:33.000Z,Running,13090.0,2026-06-09T01:52:33.000Z
437,29793,2026-08-21T07:27:04.000Z,Running,14794.0,2026-08-21T08:31:04.000Z
438,29793,2026-01-13T04:26:38.000Z,Running,15204.0,2026-01-13T06:23:38.000Z
439,29793,2026-07-22T00:59:22.000Z,Running,20824.0,2026-07-22T02:30:22.000Z
440,29793,2026-05-21T12:14:38.000Z,Running,23369.0,2026-05-21T12:37:38.000Z
441,29793,2025-12-06T01:35:58.000Z,Running,8285.0,2025-12-06T01:58:58.000Z
442,29793,2026-02-10T07:46:31.000Z,Running,2140.0,2026-02-10T08:49:31.000Z
443,29793,2026-06-09T06:53:45.000Z,Running,11218.0,2026-06-09T08:25:45.000Z
444,29793,2026-05-30T21:35:27.000Z,Running,24352.0,2026-05-30T23:29:27.000Z
445,30945,2026-02-20T02:23:09.000Z,Running,11656.0,2026-02-20T03:10:09.000Z
446,30945,2026-02-17T17:08:41.000Z,Running,9168.0,2026-02-17T17:48:41.000Z
447,30945,2026-05-05T10:21:19.000Z,Running,15713.0,2026-05-05T12:20:19.000Z
448,30945,2025-11-27T03:09:59.000Z,Running,19352.0,2025-11-27T03:48:59.000Z
449,30945,2025-10-28T16:23:41.000Z,Running,8258.0,2025-10-28T18:09:41.000Z
450,30945,2026-05-20T18:21:30.000Z,Running,12167.0,2026-05-20T19:43:30.000Z
451,30945,2026-07-17T04:34:48.000Z,Running,13784.0,2026-07-17T05:21:48.000Z
452,30945,2025-11-09T01:34:03.000Z,Running,8515.0,2025-11-09T02:49:03.000Z
453,30945,2026-06-13T02:07:34.000Z,Running,9094.0,2026-06-13T03:34:34.000Z
454,30945,2026-05-17T18:06:48.000Z,Running,3260.0,2026-05-17T19:16:48.000Z
455,30945,2025-12-18T00:50:36.000Z,Running,19649.0,2025-12-18T01:48:36.000Z
456,30945,2026-02-01T10:19:19.000Z,Running,4760.0,2026-02-01T11:16:19.000Z
457,30945,2026-03-13T05:59:44.000Z,Running,6041.0,2026-03-13T07:54:44.000Z
458,30945,2026-06-27T06:41:29.000Z,Running,7293.0,2026-06-27T08:09:29.000Z
459,30945,2026-08-06T02:19:49.000Z,Running,10146.0,2026-08-06T04:04:49.000Z
460,30945,2025-10-13T10:17:08.000Z,Running,12033.0,2025-10-13T12:11:08.000Z
461,30945,2026-08-27T19:26:51.000Z,Running,9200.0,2026-08-27T19:55:51.000Z
462,30945,2026-03-03T01:29:40.000Z,Running,18318.0,2026-03-03T03:02:40.000Z
463,30945,2025-11-10T17:29:37.000Z,Running,11316.0,2025-11-10T18:26:37.000Z
464,30945,2026-08-04T04:51:49.000Z,Running,23795.0,2026-08-04T05:32:49.000Z
465,30945,2026-09-19T04:52:31.000Z,Running,10323.0,2026-09-19T06:40:31.000Z
466,30945,2025-12-30T11:52:26.000Z,Running,12021.0,2025-12-30T12:25:26.000Z
467,30945,2025-10-27T13:02:38.000Z,Running,11103.0,2025-10-27T14:29:38.000Z
468,30945,2026-02-05T20:29:35.000Z,Running,7096.0,2026-02-05T22:24:35.000Z
469,30945,2026-04-13T06:02:56.000Z,Running,16564.0,2026-04-13T06:31:56.000Z
470,30945,2025-12-11T07:18:48.000Z,Running,22836.0,2025-12-11T08:43:48.000Z
471,30945,2026-07-06T11:39:52.000Z,Running,24039.0,2026-07-06T12:43:52.000Z
472,30945,2025-11-05T22:12:27.000Z,Running,5368.0,2025-11-05T23:02:27.000Z
473,30945,2026-05-18T22:45:55.000Z,Running,5516.0,2026-05-18T23:27:55.000Z
474,30945,2026-07-24T03:27:58.000Z,Running,16443.0,2026-07-24T04:09:58.000Z
475,30945,2026-05-03T22:23:43.000Z,Running,19477.0,2026-05-04T00:19:43.000Z
476,30945,2026-09-20T21:44:31.000Z,Running,22287.0,2026-09-20T23:31:31.000Z
477,30945,2026-01-27T18:37:41.000Z,Running,5472.0,2026-01-27T20:17:41.000Z
478,30945,2026-03-17T17:40:40.000Z,Running,16522.0,2026-03-17T19:00:40.000Z
479,30945,2025-10-18T19:33:43.000Z,Running,10095.0,2025-10-18T21:08:43.000Z
480,30945,2026-03-25T07:45:06.000Z,Running,12394.0,2026-03-25T08:44:06.000Z
481,30945,2026-08-15T23:58:28.000Z,Running,8603.0,2026-08-16T01:05:28.000Z
482,30945,2026-05-15T17:13:30.000Z,Running,13663.0,2026-05-15T18:51:30.000Z
483,31222,2026-07-31T12:16:36.000Z,Natation,3825.0,2026-07-31T13:46:36.000Z
484,31222,2026-09-15T00:57:34.000Z,Natation,4144.0,2026-09-15T02:14:34.000Z
485,31222,2026-05-19T23:03:47.000Z,Natation,2640.0,2026-05-20T00:04:47.000Z
486,31222,2026-03-20T23:10:47.000Z,Natation,966.0,2026-03-20T23:37:47.000Z
487,31222,2025-10-29T18:00:16.000Z,Natation,2770.0,2025-10-29T19:51:16.000Z
488,31222,2026-01-01T05:08:19.000Z,Natation,3684.0,2026-01-01T05:33:19.000Z
489,31222,2026-04-18T00:21:53.000Z,Natation,3244.0,2026-04-18T01:48:53.000Z
490,31222,2026-09-18T11:47:27.000Z,Natation,1773.0,2026-09-18T12:54:27.000Z
491,31222,2026-02-05T09:48:37.000Z,Natation,3555.0,2026-02-05T11:47:37.000Z
492,31222,2026-06-05T09:19:23.000Z,Natation,2006.0,2026-06-05T10:59:23.000Z
493,31222,2026-05-01T16:35:38.000Z,Natation,3553.0,2026-05-01T17:07:38.000Z
494,31222,2026-07-05T01:41:11.000Z,Natation,4332.0,2026-07-05T02:33:11.000Z
495,31222,2025-10-28T15:39:12.000Z,Natation,3122.0,2025-10-28T16:41:12.000Z
496,31222,2026-01-25T11:34:09.000Z,Natation,4855.0,2026-01-25T12:38:09.000Z
497,31222,2026-05-16T02:11:10.000Z,Natation,3690.0,2026-05-16T02:47:10.000Z
498,31222,2026-05-02T01:31:52.000Z,Natation,2195.0,2026-05-02T02:30:52.000Z
499,31222,2026-06-14T05:56:15.000Z,Natation,3663.0,2026-06-14T06:32:15.000Z
500,31222,2026-06-04T21:23:15.000Z,Natation,3517.0,2026-06-04T21:54:15.000Z
501,31222,2025-10-04T01:55:15.000Z,Natation,2132.0,2025-10-04T03:01:15.000Z
502,31222,2026-02-06T17:10:34.000Z,Natation,4765.0,2026-02-06T17:57:34.000Z
503,31222,2025-12-23T23:32:03.000Z,Natation,5000.0,2025-12-24T00:16:03.000Z
504,31222,2026-01-19T20:58:55.000Z,Natation,4300.0,2026-01-19T21:27:55.000Z
505,31222,2026-07-23T09:04:23.000Z,Natation,2929.0,2026-07-23T10:28:23.000Z
506,31222,2026-06-11T01:37:39.000Z,Natation,2015.0,2026-06-11T02:01:39.000Z
507,31222,2026-02-20T07:17:01.000Z,Natation,1194.0,2026-02-20T08:53:01.000Z
508,31222,2026-07-23T11:09:09.000Z,Natation,3311.0,2026-07-23T12:57:09.000Z
509,31222,2026-03-15T23:24:42.000Z,Natation,697.0,2026-03-16T01:16:42.000Z
510,31222,2026-07-03T11:01:28.000Z,Natation,1569.0,2026-07-03T12:47:28.000Z
511,31222,2026-01-15T15:43:14.000Z,Natation,3886.0,2026-01-15T17:21:14.000Z
512,31222,2026-04-22T09:20:40.000Z,Natation,1576.0,2026-04-22T10:09:40.000Z
513,31222,2026-02-16T20:31:34.000Z,Natation,3552.0,2026-02-16T21:15:34.000Z
514,31222,2026-07-22T19:41:13.000Z,Natation,1768.0,2026-07-22T21:00:13.000Z
515,31222,2026-04-19T20:16:53.000Z,Natation,2384.0,2026-04-19T21:40:53.000Z
516,31222,2026-08-04T04:16:38.000Z,Natation,3221.0,2026-08-04T05:01:38.000Z
517,31222,2026-06-03T00:13:18.000Z,Natation,2663.0,2026-06-03T00:39:18.000Z
518,31222,2026-09-24T20:14:49.000Z,Natation,962.0,2026-09-24T21:44:49.000Z
519,31222,2026-01-15T16:58:47.000Z,Natation,877.0,2026-01-15T17:33:47.000Z
520,31222,2026-03-20T11:57:31.000Z,Natation,4574.0,2026-03-20T12:51:31.000Z
521,31222,2025-11-01T14:49:56.000Z,Natation,4759.0,2025-11-01T16:04:56.000Z
522,31222,2026-09-05T13:20:49.000Z,Natation,2073.0,2026-09-05T14:37:49.000Z
523,31222,2025-10-17T16:23:24.000Z,Natation,2284.0,2025-10-17T17:36:24.000Z
524,31222,2026-02-23T23:19:44.000Z,Natation,4975.0,2026-02-24T00:09:44.000Z
525,32690,2026-01-28T18:21:29.000Z,Badminton,,2026-01-28T18:54:29.000Z
526,32690,2026-02-04T05:07:57.000Z,Badminton,,2026-02-04T07:00:57.000Z
527,32690,2025-10-11T21:00:41.000Z,Badminton,,2025-10-11T21:47:41.000Z
528,32690,2026-06-24T07:51:40.000Z,Badminton,,2026-06-24T09:21:40.000Z
529,32690,2026-03-28T04:25:23.000Z,Badminton,,2026-03-28T06:25:23.000Z
530,32690,2025-09-29T00:56:40.000Z,Badminton,,2025-09-29T02:44:40.000Z
531,32690,2026-01-04T09:23:02.000Z,Badminton,,2026-01-04T09:55:02.000Z
532,32690,2026-04-28T03:13:34.000Z,Badminton,,2026-04-28T04:02:34.000Z
533,32690,2025-11-09T04:20:11.000Z,Badminton,,2025-11-09T05:44:11.000Z
534,32690,2026-01-21T22:55:57.000Z,Badminton,,2026-01-21T23:55:57.000Z
535,32690,2025-12-28T14:25:02.000Z,Badminton,,2025-12-28T15:01:02.000Z
536,32690,2026-08-01T07:40:33.000Z,Badminton,,2026-08-01T09:31:33.000Z
537,32690,2025-11-09T01:16:13.000Z,Badminton,,2025-11-09T01:54:13.000Z
538,32690,2026-04-23T04:23:00.000Z,Badminton,,2026-04-23T06:09:00.000Z
539,32690,2026-04-15T03:38:59.000Z,Badminton,,2026-04-15T05:28:59.000Z
540,32690,2026-01-18T02:51:06.000Z,Badminton,,2026-01-18T03:39:06.000Z
541,32690,2026-05-23T18:26:26.000Z,Badminton,,2026-05-23T18:56:26.000Z
542,32690,2026-05-06T14:58:16.000Z,Badminton,,2026-05-06T15:58:16.000Z
543,32690,2026-06-12T00:23:21.000Z,Badminton,,2026-06-12T01:16:21.000Z
544,33386,2025-10-23T06:49:01.000Z,Randonnée,28742.0,2025-10-23T10:53:01.000Z
545,33386,2026-07-29T09:53:39.000Z,Randonnée,29685.0,2026-07-29T15:12:39.000Z
546,33386,2026-02-25T15:17:33.000Z,Randonnée,26580.0,2026-02-25T16:27:33.000Z
547,33386,2026-02-24T05:59:42.000Z,Randonnée,29488.0,2026-02-24T12:24:42.000Z
548,33386,2025-10-03T07:23:18.000Z,Randonnée,12642.0,2025-10-03T14:45:18.000Z
549,33386,2025-12-29T15:27:23.000Z,Randonnée,22789.0,2025-12-29T19:23:23.000Z
550,33386,2026-05-10T23:43:55.000Z,Randonnée,22850.0,2026-05-11T07:18:55.000Z
551,33386,2025-10-14T05:14:18.000Z,Randonnée,12512.0,2025-10-14T07:22:18.000Z
552,33386,2026-06-03T15:17:21.000Z,Randonnée,7727.0,2026-06-03T23:13:21.000Z
553,33386,2026-03-31T20:14:01.000Z,Randonnée,20057.0,2026-04-01T03:10:01.000Z
554,33386,2026-07-02T02:01:25.000Z,Randonnée,23957.0,2026-07-02T03:33:25.000Z
555,33386,2026-01-18T23:04:58.000Z,Randonnée,8443.0,2026-01-19T00:22:58.000Z
556,33386,2026-01-27T13:33:58.000Z,Randonnée,28201.0,2026-01-27T14:54:58.000Z
557,33386,2026-08-09T16:08:07.000Z,Randonnée,17662.0,2026-08-09T20:31:07.000Z
558,33386,2026-07-16T13:10:48.000Z,Randonnée,20466.0,2026-07-16T14:28:48.000Z
559,33386,2026-08-27T19:42:48.000Z,Randonnée,24083.0,2026-08-27T23:44:48.000Z
560,33386,2025-11-14T08:11:28.000Z,Randonnée,24582.0,2025-11-14T11:30:28.000Z
561,33386,2026-07-12T16:07:47.000Z,Randonnée,14873.0,2026-07-12T20:31:47.000Z
562,33386,2025-12-08T13:15:45.000Z,Randonnée,16397.0,2025-12-08T17:08:45.000Z
563,33386,2026-09-20T23:11:52.000Z,Randonnée,24527.0,2026-09-21T03:19:52.000Z
564,33386,2025-10-29T01:59:42.000Z,Randonnée,22631.0,2025-10-29T09:49:42.000Z
565,33386,2026-05-18T23:16:18.000Z,Randonnée,29868.0,2026-05-19T03:56:18.000Z
566,33386,2026-01-19T02:06:05.000Z,Randonnée,11673.0,2026-01-19T07:45:05.000Z
567,33386,2026-06-10T16:12:49.000Z,Randonnée,10982.0,2026-06-10T19:59:49.000Z
568,33386,2026-07-02T17:06:11.000Z,Randonnée,14505.0,2026-07-02T23:14:11.000Z
569,33386,2026-03-19T15:33:01.000Z,Randonnée,4144.0,2026-03-19T19:32:01.000Z
570,33386,2026-03-14T21:56:21.000Z,Randonnée,10413.0,2026-03-15T04:10:21.000Z
571,33386,2026-06-14T15:53:14.000Z,Randonnée,20213.0,2026-06-14T17:31:14.000Z
572,33386,2026-08-04T02:45:20.000Z,Randonnée,23247.0,2026-08-04T08:07:20.000Z
573,33386,2025-11-21T10:48:03.000Z,Randonnée,25914.0,2025-11-21T12:03:03.000Z
574,33386,2025-11-15T00:32:56.000Z,Randonnée,4815.0,2025-11-15T01:49:56.000Z
575,33386,2026-02-22T16:27:41.000Z,Randonnée,28636.0,2026-02-22T20:32:41.000Z
576,33386,2025-11-25T14:08:50.000Z,Randonnée,21335.0,2025-11-25T20:17:50.000Z
577,33386,2026-03-18T09:48:50.000Z,Randonnée,23603.0,2026-03-18T13:58:50.000Z
578,33386,2026-02-16T12:13:17.000Z,Randonnée,13747.0,2026-02-16T17:44:17.000Z
579,33386,2025-11-10T01:25:03.000Z,Randonnée,3700.0,2025-11-10T04:32:03.000Z
580,33386,2026-04-16T01:44:08.000Z,Randonnée,13449.0,2026-04-16T06:59:08.000Z
581,33386,2026-01-06T15:56:07.000Z,Randonnée,23924.0,2026-01-06T17:56:07.000Z
582,34382,2026-06-23T12:22:06.000Z,Équitation,,2026-06-23T14:20:06.000Z
583,34382,2025-11-13T15:03:49.000Z,Équitation,,2025-11-13T16:39:49.000Z
584,34382,2026-03-21T13:20:35.000Z,Équitation,,2026-03-21T14:23:35.000Z
585,34382,2025-10-31T02:16:08.000Z,Équitation,,2025-10-31T04:54:08.000Z
586,34382,2026-06-29T13:23:48.000Z,Équitation,,2026-06-29T15:36:48.000Z
587,34382,2026-09-08T03:48:48.000Z,Équitation,,2026-09-08T05:47:48.000Z
588,34382,2026-06-30T10:32:30.000Z,Équitation,,2026-06-30T11:57:30.000Z
589,34382,2026-04-12T13:56:50.000Z,Équitation,,2026-04-12T16:13:50.000Z
590,34382,2025-12-14T01:16:22.000Z,Équitation,,2025-12-14T02:32:22.000Z
591,34382,2026-07-30T22:48:39.000Z,Équitation,,2026-07-31T00:33:39.000Z
592,34382,2026-02-14T03:47:57.000Z,Équitation,,2026-02-14T04:38:57.000Z
593,34382,2026-03-27T12:32:17.000Z,Équitation,,2026-03-27T14:51:17.000Z
594,34382,2026-05-22T15:46:19.000Z,Équitation,,2026-05-22T17:04:19.000Z
595,34382,2026-01-25T02:47:54.000Z,Équitation,,2026-01-25T03:48:54.000Z
596,34382,2026-04-19T03:50:19.000Z,Équitation,,2026-04-19T06:37:19.000Z
597,34382,2026-08-12T18:04:45.000Z,Équitation,,2026-08-12T20:33:45.000Z
598,34382,2026-01-28T02:54:43.000Z,Équitation,,2026-01-28T04:11:43.000Z
599,34382,2026-03-26T21:52:48.000Z,Équitation,,2026-03-27T00:32:48.000Z
600,34678,2026-09-02T23:10:54.000Z,Randonnée,25384.0,2026-09-03T01:15:54.000Z
601,34678,2026-05-13T06:33:45.000Z,Randonnée,7913.0,2026-05-13T13:00:45.000Z
602,34678,2026-04-10T07:01:48.000Z,Randonnée,27589.0,2026-04-10T11:42:48.000Z
603,34678,2026-04-16T05:03:42.000Z,Randonnée,7131.0,2026-04-16T07:06:42.000Z
604,34678,2026-01-30T07:24:58.000Z,Randonnée,28238.0,2026-01-30T09:46:58.000Z
605,34678,2026-04-16T12:28:40.000Z,Randonnée,27163.0,2026-04-16T16:25:40.000Z
606,34678,2025-12-12T05:39:59.000Z,Randonnée,20147.0,2025-12-12T08:47:59.000Z
607,34678,2025-11-14T14:40:18.000Z,Randonnée,19876.0,2025-11-14T18:00:18.000Z
608,34678,2026-04-10T04:19:16.000Z,Randonnée,20307.0,2026-04-10T06:06:16.000Z
609,34678,2026-06-09T19:50:07.000Z,Randonnée,19861.0,2026-06-09T22:17:07.000Z
610,34678,2025-10-12T23:57:31.000Z,Randonnée,25281.0,2025-10-13T05:45:31.000Z
611,34678,2025-10-14T15:44:04.000Z,Randonnée,28611.0,2025-10-14T17:25:04.000Z
612,34678,2025-12-17T20:52:35.000Z,Randonnée,23708.0,2025-12-18T03:25:35.000Z
613,34678,2026-06-02T03:49:46.000Z,Randonnée,3818.0,2026-06-02T10:05:46.000Z
614,34678,2026-06-03T07:00:34.000Z,Randonnée,28830.0,2026-06-03T10:28:34.000Z
615,34678,2026-08-05T12:14:13.000Z,Randonnée,24798.0,2026-08-05T15:19:13.000Z
616,34678,2026-03-22T03:20:15.000Z,Randonnée,4970.0,2026-03-22T06:52:15.000Z
617,34678,2026-03-16T17:25:12.000Z,Randonnée,14222.0,2026-03-16T19:45:12.000Z
618,34678,2026-02-06T02:49:28.000Z,Randonnée,19380.0,2026-02-06T05:33:28.000Z
619,34678,2026-01-29T00:14:40.000Z,Randonnée,22823.0,2026-01-29T07:21:40.000Z
620,34678,2025-11-16T18:49:43.000Z,Randonnée,23538.0,2025-11-16T23:13:43.000Z
621,34678,2025-11-07T05:42:21.000Z,Randonnée,11616.0,2025-11-07T11:29:21.000Z
622,34678,2026-01-08T21:01:00.000Z,Randonnée,15139.0,2026-01-08T23:03:00.000Z
623,34678,2025-10-16T15:40:31.000Z,Randonnée,10836.0,2025-10-16T17:29:31.000Z
624,34678,2026-03-08T09:17:53.000Z,Randonnée,9703.0,2026-03-08T15:32:53.000Z
625,34678,2026-02-01T03:55:22.000Z,Randonnée,28211.0,2026-02-01T11:51:22.000Z
626,34678,2026-07-20T08:48:24.000Z,Randonnée,7302.0,2026-07-20T11:25:24.000Z
627,34899,2026-09-03T09:34:44.000Z,Football,,2026-09-03T11:22:44.000Z
628,34899,2025-10-06T00:01:07.000Z,Football,,2025-10-06T01:49:07.000Z
629,34899,2026-04-11T07:05:01.000Z,Football,,2026-04-11T08:40:01.000Z
630,34899,2025-12-19T13:17:28.000Z,Football,,2025-12-19T14:32:28.000Z
631,34899,2025-10-16T15:04:14.000Z,Football,,2025-10-16T15:55:14.000Z
632,34899,2026-05-17T01:16:42.000Z,Football,,2026-05-17T03:04:42.000Z
633,34899,2026-04-23T10:19:13.000Z,Football,,2026-04-23T11:40:13.000Z
634,34899,2026-03-13T08:32:16.000Z,Football,,2026-03-13T09:30:16.000Z
635,34899,2026-07-06T12:51:59.000Z,Football,,2026-07-06T14:09:59.000Z
636,34899,2026-02-16T02:47:00.000Z,Football,,2026-02-16T04:23:00.000Z
637,34899,2025-10-16T20:49:27.000Z,Football,,2025-10-16T22:25:27.000Z
638,34899,2026-02-14T18:57:59.000Z,Football,,2026-02-14T20:06:59.000Z
639,34899,2025-10-25T13:21:56.000Z,Football,,2025-10-25T14:42:56.000Z
640,34899,2026-03-20T21:36:25.000Z,Football,,2026-03-20T23:25:25.000Z
641,34899,2026-08-13T12:27:32.000Z,Football,,2026-08-13T13:47:32.000Z
642,34899,2025-11-03T13:08:12.000Z,Football,,2025-11-03T14:09:12.000Z
643,34899,2026-08-01T16:58:44.000Z,Football,,2026-08-01T18:30:44.000Z
644,34899,2026-09-26T15:38:05.000Z,Football,,2026-09-26T17:34:05.000Z
645,34899,2025-12-13T07:21:14.000Z,Football,,2025-12-13T08:24:14.000Z
646,34899,2026-04-09T05:03:50.000Z,Football,,2026-04-09T06:39:50.000Z
647,34899,2025-10-12T02:42:16.000Z,Football,,2025-10-12T03:32:16.000Z
648,34899,2026-08-05T05:30:17.000Z,Football,,2026-08-05T06:57:17.000Z
649,34899,2026-03-23T11:26:31.000Z,Football,,2026-03-23T13:17:31.000Z
650,34899,2025-11-20T06:51:11.000Z,Football,,2025-11-20T08:41:11.000Z
651,34899,2025-11-29T02:37:43.000Z,Football,,2025-11-29T04:02:43.000Z
652,34899,2026-05-15T13:54:53.000Z,Football,,2026-05-15T15:17:53.000Z
653,34899,2026-08-14T16:12:59.000Z,Football,,2026-08-14T18:01:59.000Z
654,34899,2026-04-05T05:42:06.000Z,Football,,2026-04-05T07:35:06.000Z
655,34899,2026-08-09T19:19:48.000Z,Football,,2026-08-09T21:04:48.000Z
656,34899,2026-02-02T15:22:36.000Z,Football,,2026-02-02T16:54:36.000Z
657,34899,2026-05-11T16:29:53.000Z,Football,,2026-05-11T18:07:53.000Z
658,34899,2026-05-16T19:36:03.000Z,Football,,2026-05-16T20:24:03.000Z
659,34899,2026-06-08T14:33:02.000Z,Football,,2026-06-08T15:51:02.000Z
660,34899,2026-05-11T14:49:52.000Z,Football,,2026-05-11T15:40:52.000Z
661,34922,2026-05-29T06:56:24.000Z,Tennis,,2026-05-29T09:55:24.000Z
662,34922,2026-08-12T02:26:17.000Z,Tennis,,2026-08-12T03:48:17.000Z
663,34922,2026-05-07T08:44:30.000Z,Tennis,,2026-05-07T09:37:30.000Z
664,34922,2025-10-04T08:30:32.000Z,Tennis,,2025-10-04T10:03:32.000Z
665,34922,2026-03-08T15:18:55.000Z,Tennis,,2026-03-08T17:23:55.000Z
666,34922,2026-06-22T03:55:44.000Z,Tennis,,2026-06-22T06:25:44.000Z
667,34922,2026-04-09T21:17:48.000Z,Tennis,,2026-04-09T23:47:48.000Z
668,34922,2026-06-28T02:18:07.000Z,Tennis,,2026-06-28T03:18:07.000Z
669,34922,2025-12-16T12:33:53.000Z,Tennis,,2025-12-16T15:30:53.000Z
670,34922,2026-06-11T04:24:04.000Z,Tennis,,2026-06-11T06:32:04.000Z
671,34922,2026-02-20T08:15:41.000Z,Tennis,,2026-02-20T11:14:41.000Z
672,34922,2026-03-24T12:22:28.000Z,Tennis,,2026-03-24T13:51:28.000Z
673,34922,2026-04-27T03:38:07.000Z,Tennis,,2026-04-27T05:50:07.000Z
674,34922,2026-05-21T22:19:33.000Z,Tennis,,2026-05-22T00:11:33.000Z
675,34922,2025-12-31T17:43:29.000Z,Tennis,,2025-12-31T19:17:29.000Z
676,35731,2025-12-23T07:54:45.000Z,Rugby,,2025-12-23T09:17:45.000Z
677,35731,2026-06-27T18:09:10.000Z,Rugby,,2026-06-27T19:30:10.000Z
678,35731,2026-01-28T03:02:02.000Z,Rugby,,2026-01-28T04:49:02.000Z
679,35731,2026-05-02T16:07:22.000Z,Rugby,,2026-05-02T17:36:22.000Z
680,35731,2025-11-13T07:56:56.000Z,Rugby,,2025-11-13T09:17:56.000Z
681,35731,2026-09-09T21:05:33.000Z,Rugby,,2026-09-09T22:38:33.000Z
682,35731,2026-07-24T05:28:54.000Z,Rugby,,2026-07-24T06:57:54.000Z
683,35731,2025-10-13T08:05:17.000Z,Rugby,,2025-10-13T09:27:17.000Z
684,35731,2026-02-08T12:20:30.000Z,Rugby,,2026-02-08T13:15:30.000Z
685,35731,2026-07-14T05:41:58.000Z,Rugby,,2026-07-14T06:58:58.000Z
686,35731,2025-12-14T11:24:37.000Z,Rugby,,2025-12-14T12:36:37.000Z
687,35731,2026-09-24T08:24:48.000Z,Rugby,,2026-09-24T09:43:48.000Z
688,35731,2025-11-19T07:28:36.000Z,Rugby,,2025-11-19T08:47:36.000Z
689,35731,2025-12-28T22:16:13.000Z,Rugby,,2025-12-29T00:16:13.000Z
690,35731,2026-06-14T03:18:18.000Z,Rugby,,2026-06-14T04:09:18.000Z
691,35731,2026-06-01T18:04:27.000Z,Rugby,,2026-06-01T19:17:27.000Z
692,35731,2025-11-04T21:54:45.000Z,Rugby,,2025-11-04T22:45:45.000Z
693,35731,2026-07-02T14:15:42.000Z,Rugby,,2026-07-02T15:42:42.000Z
694,35731,2026-06-18T13:10:10.000Z,Rugby,,2026-06-18T14:07:10.000Z
695,35731,2026-04-28T17:39:27.000Z,Rugby,,2026-04-28T18:24:27.000Z
696,35731,2026-06-07T13:24:06.000Z,Rugby,,2026-06-07T15:01:06.000Z
697,35731,2026-06-06T15:27:36.000Z,Rugby,,2026-06-06T17:13:36.000Z
698,35731,2026-01-29T17:29:59.000Z,Rugby,,2026-01-29T18:50:59.000Z
699,35731,2026-09-14T14:35:08.000Z,Rugby,,2026-09-14T15:27:08.000Z
700,35731,2025-12-26T04:26:56.000Z,Rugby,,2025-12-26T06:24:56.000Z
701,35731,2026-09-16T15:55:04.000Z,Rugby,,2026-09-16T16:44:04.000Z
702,35731,2026-09-04T15:07:08.000Z,Rugby,,2026-09-04T16:45:08.000Z
703,35731,2026-08-17T17:58:43.000Z,Rugby,,2026-08-17T18:47:43.000Z
704,35731,2025-12-08T08:33:00.000Z,Rugby,,2025-12-08T10:21:00.000Z
705,35731,2025-09-30T14:22:34.000Z,Rugby,,2025-09-30T15:11:34.000Z
706,35731,2026-05-19T02:20:40.000Z,Rugby,,2026-05-19T04:17:40.000Z
707,35731,2026-01-15T12:18:24.000Z,Rugby,,2026-01-15T13:45:24.000Z
708,35731,2026-04-18T15:00:10.000Z,Rugby,,2026-04-18T16:54:10.000Z
709,35731,2026-08-23T12:27:06.000Z,Rugby,,2026-08-23T13:29:06.000Z
710,35731,2026-01-10T23:01:33.000Z,Rugby,,2026-01-11T00:45:33.000Z
711,35731,2026-02-02T10:11:57.000Z,Rugby,,2026-02-02T11:10:57.000Z
712,35731,2026-06-05T18:27:26.000Z,Rugby,,2026-06-05T20:10:26.000Z
713,35731,2025-10-02T11:16:27.000Z,Rugby,,2025-10-02T12:24:27.000Z
714,35731,2026-05-05T12:06:16.000Z,Rugby,,2026-05-05T13:28:16.000Z
715,35731,2026-05-22T06:30:31.000Z,Rugby,,2026-05-22T07:37:31.000Z
716,36827,2026-02-01T08:29:52.000Z,Tennis,,2026-02-01T11:25:52.000Z
717,36827,2026-06-13T21:55:00.000Z,Tennis,,2026-06-14T00:22:00.000Z
718,36827,2025-11-20T14:35:51.000Z,Tennis,,2025-11-20T16:07:51.000Z
719,36827,2026-09-25T10:31:29.000Z,Tennis,,2026-09-25T12:38:29.000Z
720,36827,2026-01-06T06:41:41.000Z,Tennis,,2026-01-06T07:27:41.000Z
721,36827,2026-03-19T11:52:36.000Z,Tennis,,2026-03-19T13:37:36.000Z
722,36827,2026-01-22T06:20:21.000Z,Tennis,,2026-01-22T08:29:21.000Z
723,36827,2026-06-07T20:46:14.000Z,Tennis,,2026-06-07T22:37:14.000Z
724,36827,2025-10-21T03:02:26.000Z,Tennis,,2025-10-21T04:47:26.000Z
725,36827,2026-01-24T03:38:32.000Z,Tennis,,2026-01-24T06:22:32.000Z
726,36827,2026-06-20T10:40:10.000Z,Tennis,,2026-06-20T13:08:10.000Z
727,36827,2026-06-22T01:58:21.000Z,Tennis,,2026-06-22T04:02:21.000Z
728,36827,2026-02-16T17:45:26.000Z,Tennis,,2026-02-16T19:45:26.000Z
729,36827,2025-11-17T20:57:04.000Z,Tennis,,2025-11-17T22:38:04.000Z
730,36827,2026-03-22T16:42:30.000Z,Tennis,,2026-03-22T18:06:30.000Z
731,36827,2026-06-26T14:33:42.000Z,Tennis,,2026-06-26T17:04:42.000Z
732,36827,2026-07-18T03:01:06.000Z,Tennis,,2026-07-18T05:46:06.000Z
733,36827,2026-07-19T21:02:46.000Z,Tennis,,2026-07-19T22:42:46.000Z
734,36827,2026-04-19T02:04:37.000Z,Tennis,,2026-04-19T03:09:37.000Z
735,36827,2026-06-27T07:34:32.000Z,Tennis,,2026-06-27T10:34:32.000Z
736,36827,2026-09-18T05:20:25.000Z,Tennis,,2026-09-18T06:24:25.000Z
737,36827,2026-08-14T20:44:02.000Z,Tennis,,2026-08-14T21:44:02.000Z
738,36827,2025-12-14T12:14:15.000Z,Tennis,,2025-12-14T15:08:15.000Z
739,36827,2025-11-29T21:35:50.000Z,Tennis,,2025-11-29T22:58:50.000Z
740,36827,2026-03-17T14:15:08.000Z,Tennis,,2026-03-17T17:13:08.000Z
741,36827,2026-07-02T10:09:35.000Z,Tennis,,2026-07-02T11:46:35.000Z
742,36827,2026-09-11T02:15:21.000Z,Tennis,,2026-09-11T03:23:21.000Z
743,36827,2026-08-07T01:33:23.000Z,Tennis,,2026-08-07T04:12:23.000Z
744,36827,2025-11-17T05:48:37.000Z,Tennis,,2025-11-17T08:29:37.000Z
745,36827,2026-03-23T09:40:13.000Z,Tennis,,2026-03-23T12:11:13.000Z
746,36827,2026-06-15T06:38:58.000Z,Tennis,,2026-06-15T09:21:58.000Z
747,36827,2026-02-27T18:30:34.000Z,Tennis,,2026-02-27T19:20:34.000Z
748,36981,2025-12-20T14:59:14.000Z,Natation,3102.0,2025-12-20T16:54:14.000Z
749,36981,2026-02-07T19:14:30.000Z,Natation,3652.0,2026-02-07T20:28:30.000Z
750,36981,2026-09-24T22:56:34.000Z,Natation,4524.0,2026-09-24T23:23:34.000Z
751,36981,2026-01-16T11:52:45.000Z,Natation,2340.0,2026-01-16T12:16:45.000Z
752,36981,2026-06-03T03:26:46.000Z,Natation,4902.0,2026-06-03T05:24:46.000Z
753,37830,2026-03-20T04:40:08.000Z,Randonnée,26480.0,2026-03-20T08:55:08.000Z
754,37830,2025-10-28T03:59:02.000Z,Randonnée,21434.0,2025-10-28T08:11:02.000Z
755,37830,2026-06-07T19:22:45.000Z,Randonnée,26228.0,2026-06-07T21:30:45.000Z
756,37830,2026-04-23T15:36:43.000Z,Randonnée,13613.0,2026-04-23T18:07:43.000Z
757,37830,2025-12-22T11:37:23.000Z,Randonnée,25540.0,2025-12-22T18:49:23.000Z
758,37830,2026-03-25T19:30:32.000Z,Randonnée,21184.0,2026-03-25T23:02:32.000Z
759,37830,2026-04-21T13:58:50.000Z,Randonnée,13240.0,2026-04-21T18:35:50.000Z
760,37830,2026-03-24T21:20:19.000Z,Randonnée,12346.0,2026-03-25T00:26:19.000Z
761,37830,2026-09-26T01:17:52.000Z,Randonnée,26631.0,2026-09-26T03:53:52.000Z
762,37830,2026-08-07T08:53:00.000Z,Randonnée,20825.0,2026-08-07T10:09:00.000Z
763,37830,2025-12-16T00:49:11.000Z,Randonnée,4817.0,2025-12-16T03:52:11.000Z
764,37830,2026-05-17T03:45:32.000Z,Randonnée,21145.0,2026-05-17T08:33:32.000Z
765,37830,2026-07-11T14:20:35.000Z,Randonnée,4194.0,2026-07-11T17:25:35.000Z
766,37830,2026-04-24T14:55:33.000Z,Randonnée,8866.0,2026-04-24T17:54:33.000Z
767,37830,2026-04-10T16:38:58.000Z,Randonnée,29824.0,2026-04-10T18:49:58.000Z
768,37830,2026-09-17T21:26:21.000Z,Randonnée,22751.0,2026-09-18T05:23:21.000Z
769,37830,2026-05-17T04:59:47.000Z,Randonnée,23859.0,2026-05-17T10:54:47.000Z
770,37830,2026-01-22T04:38:54.000Z,Randonnée,26659.0,2026-01-22T07:39:54.000Z
771,37830,2026-03-06T14:39:37.000Z,Randonnée,11114.0,2026-03-06T17:32:37.000Z
772,37830,2026-05-14T18:44:14.000Z,Randonnée,26752.0,2026-05-15T00:29:14.000Z
773,37830,2026-06-17T14:24:34.000Z,Randonnée,14534.0,2026-06-17T20:44:34.000Z
774,37830,2026-02-07T18:10:43.000Z,Randonnée,28423.0,2026-02-07T19:34:43.000Z
775,37830,2026-04-18T16:21:00.000Z,Randonnée,11606.0,2026-04-19T00:03:00.000Z
776,37830,2025-11-23T22:48:32.000Z,Randonnée,11097.0,2025-11-24T03:17:32.000Z
777,37830,2026-04-23T21:51:17.000Z,Randonnée,15785.0,2026-04-24T05:17:17.000Z
778,37830,2026-08-26T00:51:49.000Z,Randonnée,22105.0,2026-08-26T04:24:49.000Z
779,37830,2026-05-03T09:49:01.000Z,Randonnée,14142.0,2026-05-03T11:18:01.000Z
780,37830,2026-04-20T19:52:54.000Z,Randonnée,6621.0,2026-04-21T01:37:54.000Z
781,37866,2026-02-02T06:16:27.000Z,Natation,3410.0,2026-02-02T07:02:27.000Z
782,37866,2025-11-01T21:49:36.000Z,Natation,2910.0,2025-11-01T22:56:36.000Z
783,37866,2026-01-09T06:14:36.000Z,Natation,2197.0,2026-01-09T06:40:36.000Z
784,37866,2025-12-09T01:48:32.000Z,Natation,4121.0,2025-12-09T02:17:32.000Z
785,37866,2026-04-01T04:16:40.000Z,Natation,1440.0,2026-04-01T05:03:40.000Z
786,37866,2026-09-15T00:26:22.000Z,Natation,569.0,2026-09-15T01:24:22.000Z
787,37866,2025-11-11T13:27:58.000Z,Natation,3861.0,2025-11-11T15:21:58.000Z
788,37866,2026-06-24T03:42:24.000Z,Natation,3220.0,2026-06-24T04:33:24.000Z
789,37866,2026-09-17T09:35:48.000Z,Natation,1577.0,2026-09-17T10:45:48.000Z
790,37866,2026-01-14T22:18:10.000Z,Natation,2213.0,2026-01-15T00:17:10.000Z
791,37866,2026-02-13T12:32:30.000Z,Natation,1888.0,2026-02-13T14:15:30.000Z
792,37866,2026-09-04T20:24:13.000Z,Natation,2738.0,2026-09-04T21:49:13.000Z
793,37866,2026-03-28T07:58:04.000Z,Natation,3927.0,2026-03-28T09:50:04.000Z
794,37866,2026-02-17T23:13:13.000Z,Natation,1908.0,2026-02-17T23:59:13.000Z
795,37866,2026-08-28T13:51:16.000Z,Natation,1496.0,2026-08-28T15:23:16.000Z
796,37866,2026-01-06T06:35:27.000Z,Natation,2990.0,2026-01-06T06:57:27.000Z
797,37866,2025-11-25T04:34:38.000Z,Natation,1383.0,2025-11-25T05:31:38.000Z
798,37866,2026-05-06T06:49:23.000Z,Natation,4250.0,2026-05-06T07:57:23.000Z
799,37866,2026-06-08T05:23:18.000Z,Natation,4746.0,2026-06-08T06:53:18.000Z
800,37866,2026-07-20T11:02:12.000Z,Natation,4197.0,2026-07-20T11:54:12.000Z
801,37866,2025-12-01T08:03:04.000Z,Natation,3797.0,2025-12-01T09:21:04.000Z
802,39874,2026-07-03T17:48:31.000Z,Tennis,,2026-07-03T19:08:31.000Z
803,39874,2025-12-07T11:26:58.000Z,Tennis,,2025-12-07T14:16:58.000Z
804,39874,2026-04-18T11:30:57.000Z,Tennis,,2026-04-18T12:30:57.000Z
805,39874,2026-08-10T16:16:28.000Z,Tennis,,2026-08-10T17:20:28.000Z
806,39874,2026-03-06T03:46:26.000Z,Tennis,,2026-03-06T04:32:26.000Z
807,39874,2025-10-23T09:30:25.000Z,Tennis,,2025-10-23T11:14:25.000Z
808,39874,2025-12-20T22:36:54.000Z,Tennis,,2025-12-20T23:23:54.000Z
809,39874,2026-02-18T22:28:57.000Z,Tennis,,2026-02-19T01:09:57.000Z
810,39874,2026-06-10T00:58:31.000Z,Tennis,,2026-06-10T03:46:31.000Z
811,39874,2025-09-29T13:37:53.000Z,Tennis,,2025-09-29T14:26:53.000Z
812,39874,2025-10-01T14:27:32.000Z,Tennis,,2025-10-01T16:57:32.000Z
813,39874,2026-07-04T11:19:26.000Z,Tennis,,2026-07-04T14:19:26.000Z
814,39874,2025-10-03T15:46:50.000Z,Tennis,,2025-10-03T17:44:50.000Z
815,39874,2026-08-06T02:01:39.000Z,Tennis,,2026-08-06T04:36:39.000Z
816,39874,2026-09-18T12:50:07.000Z,Tennis,,2026-09-18T14:02:07.000Z
817,41293,2025-12-29T13:59:32.000Z,Randonnée,8182.0,2025-12-29T16:15:32.000Z
818,41293,2026-08-09T14:20:55.000Z,Randonnée,12570.0,2026-08-09T17:29:55.000Z
819,41293,2026-02-18T21:05:33.000Z,Randonnée,28901.0,2026-02-18T22:45:33.000Z
820,41293,2025-12-30T10:51:42.000Z,Randonnée,29736.0,2025-12-30T16:40:42.000Z
821,41293,2026-06-19T15:43:48.000Z,Randonnée,25358.0,2026-06-19T19:16:48.000Z
822,41293,2026-08-26T07:10:56.000Z,Randonnée,20547.0,2026-08-26T13:44:56.000Z
823,41293,2026-03-03T09:28:03.000Z,Randonnée,13240.0,2026-03-03T11:15:03.000Z
824,41293,2025-10-18T19:01:44.000Z,Randonnée,20192.0,2025-10-19T00:04:44.000Z
825,41293,2026-04-09T03:01:04.000Z,Randonnée,25824.0,2026-04-09T04:43:04.000Z
826,41293,2026-08-26T04:46:10.000Z,Randonnée,29294.0,2026-08-26T10:35:10.000Z
827,41293,2025-12-25T05:34:44.000Z,Randonnée,8708.0,2025-12-25T06:55:44.000Z
828,41293,2025-10-15T01:59:20.000Z,Randonnée,27952.0,2025-10-15T05:17:20.000Z
829,41293,2026-05-03T20:17:33.000Z,Randonnée,20769.0,2026-05-04T01:55:33.000Z
830,41293,2025-10-03T01:56:38.000Z,Randonnée,28960.0,2025-10-03T05:37:38.000Z
831,41293,2026-08-11T17:23:31.000Z,Randonnée,22243.0,2026-08-12T00:48:31.000Z
832,41293,2026-01-21T05:27:46.000Z,Randonnée,7386.0,2026-01-21T07:06:46.000Z
833,41293,2026-08-17T03:30:25.000Z,Randonnée,25935.0,2026-08-17T09:20:25.000Z
834,41293,2026-02-23T01:42:21.000Z,Randonnée,23401.0,2026-02-23T05:31:21.000Z
835,41293,2026-06-21T16:50:23.000Z,Randonnée,22552.0,2026-06-22T00:34:23.000Z
836,41293,2026-02-08T07:38:39.000Z,Randonnée,4450.0,2026-02-08T14:59:39.000Z
837,41293,2026-08-18T17:00:51.000Z,Randonnée,5052.0,2026-08-18T19:58:51.000Z
838,41293,2026-01-31T18:03:03.000Z,Randonnée,3800.0,2026-02-01T01:39:03.000Z
839,41293,2026-03-20T23:25:55.000Z,Randonnée,16246.0,2026-03-21T07:06:55.000Z
840,41293,2026-02-19T19:13:59.000Z,Randonnée,14660.0,2026-02-20T00:56:59.000Z
841,41293,2026-07-23T21:07:18.000Z,Randonnée,19703.0,2026-07-23T22:50:18.000Z
842,41293,2025-10-25T13:07:55.000Z,Randonnée,5215.0,2025-10-25T20:12:55.000Z
843,41293,2026-06-30T09:18:42.000Z,Randonnée,24165.0,2026-06-30T13:32:42.000Z
844,41293,2026-02-25T07:32:24.000Z,Randonnée,11550.0,2026-02-25T14:50:24.000Z
845,41293,2025-09-29T00:25:22.000Z,Randonnée,28460.0,2025-09-29T02:11:22.000Z
846,41293,2026-07-19T16:15:49.000Z,Randonnée,10284.0,2026-07-19T20:19:49.000Z
847,41293,2025-12-08T18:37:04.000Z,Randonnée,14636.0,2025-12-08T20:21:04.000Z
848,41293,2026-04-14T00:17:41.000Z,Randonnée,14017.0,2026-04-14T06:01:41.000Z
849,41293,2026-02-11T10:43:12.000Z,Randonnée,17964.0,2026-02-11T12:28:12.000Z
850,41293,2025-10-01T19:01:22.000Z,Randonnée,10880.0,2025-10-01T23:18:22.000Z
851,41293,2025-10-29T21:27:24.000Z,Randonnée,22571.0,2025-10-30T05:05:24.000Z
852,41293,2026-05-07T03:03:27.000Z,Randonnée,17070.0,2026-05-07T06:07:27.000Z
853,41293,2025-11-19T22:04:59.000Z,Randonnée,10261.0,2025-11-20T00:30:59.000Z
854,41293,2025-11-22T16:12:40.000Z,Randonnée,4708.0,2025-11-22T21:24:40.000Z
855,41377,2026-01-21T09:53:36.000Z,Football,,2026-01-21T11:31:36.000Z
856,41377,2026-02-14T05:55:41.000Z,Football,,2026-02-14T06:49:41.000Z
857,41377,2026-07-03T23:16:11.000Z,Football,,2026-07-04T00:32:11.000Z
858,41377,2026-03-23T19:34:47.000Z,Football,,2026-03-23T20:44:47.000Z
859,41377,2026-01-23T07:37:06.000Z,Football,,2026-01-23T08:39:06.000Z
860,41377,2026-02-03T00:29:19.000Z,Football,,2026-02-03T02:04:19.000Z
861,41377,2026-03-16T23:10:30.000Z,Football,,2026-03-17T00:37:30.000Z
862,41377,2026-08-09T16:46:56.000Z,Football,,2026-08-09T18:26:56.000Z
863,41377,2026-01-29T12:48:57.000Z,Football,,2026-01-29T14:11:57.000Z
864,41377,2026-01-27T00:24:01.000Z,Football,,2026-01-27T02:10:01.000Z
865,41377,2026-01-28T22:34:43.000Z,Football,,2026-01-29T00:09:43.000Z
866,41377,2026-05-08T15:35:02.000Z,Football,,2026-05-08T17:22:02.000Z
867,41377,2026-02-20T01:05:22.000Z,Football,,2026-02-20T02:31:22.000Z
868,41377,2026-02-15T18:11:29.000Z,Football,,2026-02-15T19:46:29.000Z
869,41377,2025-12-13T14:16:17.000Z,Football,,2025-12-13T16:13:17.000Z
870,41377,2026-06-18T18:01:20.000Z,Football,,2026-06-18T19:09:20.000Z
871,41377,2026-07-06T10:07:11.000Z,Football,,2026-07-06T10:55:11.000Z
872,41377,2026-03-16T06:41:46.000Z,Football,,2026-03-16T07:52:46.000Z
873,41377,2026-08-11T01:18:44.000Z,Football,,2026-08-11T02:11:44.000Z
874,41377,2025-11-20T01:14:36.000Z,Football,,2025-11-20T03:02:36.000Z
875,41377,2026-01-03T03:09:50.000Z,Football,,2026-01-03T04:24:50.000Z
876,41377,2026-07-30T10:43:42.000Z,Football,,2026-07-30T12:22:42.000Z
877,42472,2026-05-17T05:08:50.000Z,Randonnée,15939.0,2026-05-17T09:57:50.000Z
878,42472,2026-04-11T17:58:19.000Z,Randonnée,27934.0,2026-04-11T23:31:19.000Z
879,42472,2025-10-11T06:40:34.000Z,Randonnée,24349.0,2025-10-11T12:18:34.000Z
880,42472,2026-09-09T18:40:44.000Z,Randonnée,24932.0,2026-09-10T01:39:44.000Z
881,42472,2026-07-22T15:10:16.000Z,Randonnée,9702.0,2026-07-22T17:05:16.000Z
882,42472,2026-06-05T06:28:32.000Z,Randonnée,19542.0,2026-06-05T08:53:32.000Z
883,42472,2026-02-02T18:42:18.000Z,Randonnée,29074.0,2026-02-03T02:07:18.000Z
884,42472,2025-10-01T02:18:44.000Z,Randonnée,5662.0,2025-10-01T04:12:44.000Z
885,42472,2026-07-14T01:10:29.000Z,Randonnée,17008.0,2026-07-14T06:31:29.000Z
886,42960,2026-02-25T21:38:04.000Z,Running,12650.0,2026-02-25T22:45:04.000Z
887,42960,2026-02-07T23:19:44.000Z,Running,24947.0,2026-02-07T23:58:44.000Z
888,42960,2026-01-19T17:37:40.000Z,Running,11567.0,2026-01-19T18:10:40.000Z
889,42960,2026-08-15T20:26:34.000Z,Running,23636.0,2026-08-15T21:00:34.000Z
890,42960,2026-01-26T03:01:43.000Z,Running,9891.0,2026-01-26T04:05:43.000Z
891,42960,2026-04-02T13:11:47.000Z,Running,10011.0,2026-04-02T14:37:47.000Z
892,42960,2026-07-04T09:28:16.000Z,Running,18026.0,2026-07-04T10:44:16.000Z
893,42960,2026-01-21T14:39:50.000Z,Running,3028.0,2026-01-21T15:07:50.000Z
894,42960,2026-08-22T18:55:52.000Z,Running,9891.0,2026-08-22T19:17:52.000Z
895,42960,2026-08-03T17:00:27.000Z,Running,5780.0,2026-08-03T18:46:27.000Z
896,42960,2025-12-03T18:01:19.000Z,Running,14694.0,2025-12-03T19:27:19.000Z
897,42960,2026-03-11T14:03:02.000Z,Running,24045.0,2026-03-11T15:34:02.000Z
898,42960,2026-05-29T13:47:29.000Z,Running,6242.0,2026-05-29T14:58:29.000Z
899,42960,2025-10-08T08:05:30.000Z,Running,18960.0,2025-10-08T09:15:30.000Z
900,42960,2026-05-14T23:44:00.000Z,Running,11880.0,2026-05-15T01:01:00.000Z
901,42960,2025-12-19T10:02:41.000Z,Running,6733.0,2025-12-19T11:52:41.000Z
902,42960,2025-11-05T12:23:52.000Z,Running,20389.0,2025-11-05T13:56:52.000Z
903,42960,2026-02-16T01:26:17.000Z,Running,9498.0,2026-02-16T02:09:17.000Z
904,42960,2026-01-06T21:18:39.000Z,Running,17426.0,2026-01-06T21:52:39.000Z
905,42960,2026-06-02T04:55:25.000Z,Running,9208.0,2026-06-02T06:22:25.000Z
906,42960,2026-02-26T10:46:31.000Z,Running,15501.0,2026-02-26T12:24:31.000Z
907,42960,2026-08-21T08:47:49.000Z,Running,12531.0,2026-08-21T09:52:49.000Z
908,42960,2026-06-28T04:17:18.000Z,Running,20414.0,2026-06-28T06:03:18.000Z
909,42960,2025-11-18T00:29:01.000Z,Running,9203.0,2025-11-18T02:15:01.000Z
910,42960,2025-11-11T10:02:34.000Z,Running,6210.0,2025-11-11T11:01:34.000Z
911,42960,2026-02-24T20:44:24.000Z,Running,11619.0,2026-02-24T22:09:24.000Z
912,42960,2026-02-23T00:26:09.000Z,Running,11730.0,2026-02-23T01:59:09.000Z
913,42960,2026-04-23T16:44:16.000Z,Running,17949.0,2026-04-23T18:25:16.000Z
914,42960,2025-11-30T19:17:57.000Z,Running,13262.0,2025-11-30T20:48:57.000Z
915,42960,2026-01-27T04:05:53.000Z,Running,21366.0,2026-01-27T04:48:53.000Z
916,42960,2025-09-30T17:19:26.000Z,Running,13146.0,2025-09-30T18:24:26.000Z
917,42960,2026-05-03T02:19:27.000Z,Running,13625.0,2026-05-03T03:28:27.000Z
918,42960,2026-06-19T21:50:07.000Z,Running,13310.0,2026-06-19T23:02:07.000Z
919,43124,2025-10-29T02:32:45.000Z,Équitation,,2025-10-29T03:59:45.000Z
920,43124,2026-01-18T10:28:31.000Z,Équitation,,2026-01-18T12:09:31.000Z
921,43124,2025-12-23T07:41:33.000Z,Équitation,,2025-12-23T09:36:33.000Z
922,43124,2025-12-01T07:49:16.000Z,Équitation,,2025-12-01T09:47:16.000Z
923,43124,2026-04-28T11:49:09.000Z,Équitation,,2026-04-28T14:40:09.000Z
924,43124,2026-05-07T10:04:54.000Z,Équitation,,2026-05-07T11:17:54.000Z
925,43124,2026-07-25T00:34:37.000Z,Équitation,,2026-07-25T02:27:37.000Z
926,43124,2026-04-25T12:12:37.000Z,Équitation,,2026-04-25T14:30:37.000Z
927,43124,2026-04-27T04:22:53.000Z,Équitation,,2026-04-27T06:59:53.000Z
928,43124,2025-11-05T18:35:25.000Z,Équitation,,2025-11-05T21:08:25.000Z
929,43124,2026-09-01T17:49:07.000Z,Équitation,,2026-09-01T19:50:07.000Z
930,43124,2026-01-07T01:36:55.000Z,Équitation,,2026-01-07T04:16:55.000Z
931,43124,2026-03-16T12:25:41.000Z,Équitation,,2026-03-16T13:32:41.000Z
932,43124,2025-12-17T12:12:22.000Z,Équitation,,2025-12-17T13:57:22.000Z
933,43124,2025-11-30T11:03:38.000Z,Équitation,,2025-11-30T13:37:38.000Z
934,43124,2026-08-08T22:38:52.000Z,Équitation,,2026-08-09T00:15:52.000Z
935,43124,2026-05-06T09:28:40.000Z,Équitation,,2026-05-06T10:28:40.000Z
936,43124,2026-05-16T19:07:00.000Z,Équitation,,2026-05-16T21:03:00.000Z
937,43124,2026-01-30T16:40:13.000Z,Équitation,,2026-01-30T18:08:13.000Z
938,43124,2026-05-07T10:16:57.000Z,Équitation,,2026-05-07T12:15:57.000Z
939,43124,2026-09-11T14:03:19.000Z,Équitation,,2026-09-11T16:59:19.000Z
940,43124,2026-07-15T07:23:02.000Z,Équitation,,2026-07-15T08:42:02.000Z
941,43124,2026-01-12T16:50:33.000Z,Équitation,,2026-01-12T17:50:33.000Z
942,43124,2026-01-01T23:09:38.000Z,Équitation,,2026-01-02T00:27:38.000Z
943,43124,2026-08-14T18:00:36.000Z,Équitation,,2026-08-14T20:07:36.000Z
944,43124,2026-04-05T02:05:09.000Z,Équitation,,2026-04-05T04:30:09.000Z
945,43124,2026-05-28T19:38:22.000Z,Équitation,,2026-05-28T21:31:22.000Z
946,43124,2026-03-21T12:52:05.000Z,Équitation,,2026-03-21T15:13:05.000Z
947,43124,2026-03-02T10:50:28.000Z,Équitation,,2026-03-02T11:58:28.000Z
948,43124,2026-06-23T19:06:25.000Z,Équitation,,2026-06-23T21:02:25.000Z
949,43124,2026-04-04T12:54:15.000Z,Équitation,,2026-04-04T15:35:15.000Z
950,43124,2026-08-30T10:48:26.000Z,Équitation,,2026-08-30T11:33:26.000Z
951,43124,2026-05-31T13:08:33.000Z,Équitation,,2026-05-31T15:50:33.000Z
952,43124,2026-08-02T00:15:20.000Z,Équitation,,2026-08-02T01:16:20.000Z
953,43124,2025-12-20T14:19:19.000Z,Équitation,,2025-12-20T16:45:19.000Z
954,43124,2026-04-07T03:04:39.000Z,Équitation,,2026-04-07T04:43:39.000Z
955,43542,2026-02-05T04:06:22.000Z,Judo,,2026-02-05T05:12:22.000Z
956,43542,2025-11-16T17:13:35.000Z,Judo,,2025-11-16T18:56:35.000Z
957,43542,2026-09-09T06:07:31.000Z,Judo,,2026-09-09T07:20:31.000Z
958,43542,2025-11-04T16:06:13.000Z,Judo,,2025-11-04T16:41:13.000Z
959,43542,2025-11-14T05:58:27.000Z,Judo,,2025-11-14T06:30:27.000Z
960,43542,2026-03-23T07:03:26.000Z,Judo,,2026-03-23T08:29:26.000Z
961,43542,2025-12-14T13:44:32.000Z,Judo,,2025-12-14T15:08:32.000Z
962,43542,2026-01-22T05:35:25.000Z,Judo,,2026-01-22T07:28:25.000Z
963,43542,2025-11-02T05:59:30.000Z,Judo,,2025-11-02T07:04:30.000Z
964,43542,2025-10-29T00:12:54.000Z,Judo,,2025-10-29T01:14:54.000Z
965,43542,2026-09-13T00:01:44.000Z,Judo,,2026-09-13T01:56:44.000Z
966,43542,2026-02-27T22:10:16.000Z,Judo,,2026-02-27T22:46:16.000Z
967,43542,2026-07-17T07:16:26.000Z,Judo,,2026-07-17T09:15:26.000Z
968,43542,2026-06-08T13:33:54.000Z,Judo,,2026-06-08T14:57:54.000Z
969,43542,2025-11-02T23:10:34.000Z,Judo,,2025-11-03T01:10:34.000Z
970,43542,2026-03-31T04:09:38.000Z,Judo,,2026-03-31T05:06:38.000Z
971,43542,2026-05-15T13:29:38.000Z,Judo,,2026-05-15T14:15:38.000Z
972,43542,2026-06-18T01:53:54.000Z,Judo,,2026-06-18T03:29:54.000Z
973,43542,2025-09-30T03:08:54.000Z,Judo,,2025-09-30T03:39:54.000Z
974,43542,2026-08-27T02:57:09.000Z,Judo,,2026-08-27T03:42:09.000Z
975,43542,2025-11-17T07:57:42.000Z,Judo,,2025-11-17T09:55:42.000Z
976,43542,2025-12-24T21:56:22.000Z,Judo,,2025-12-24T22:35:22.000Z
977,43542,2026-07-07T19:12:30.000Z,Judo,,2026-07-07T19:53:30.000Z
978,43542,2026-01-26T16:38:50.000Z,Judo,,2026-01-26T17:21:50.000Z
979,43542,2025-11-19T06:08:15.000Z,Judo,,2025-11-19T07:16:15.000Z
980,44472,2025-10-23T13:38:32.000Z,Football,,2025-10-23T14:41:32.000Z
981,44472,2025-09-30T06:59:25.000Z,Football,,2025-09-30T08:56:25.000Z
982,44472,2026-02-10T09:18:24.000Z,Football,,2026-02-10T10:59:24.000Z
983,44472,2026-09-19T06:02:04.000Z,Football,,2026-09-19T07:06:04.000Z
984,44472,2026-08-26T23:25:54.000Z,Football,,2026-08-27T01:06:54.000Z
985,44472,2026-09-10T04:51:07.000Z,Football,,2026-09-10T05:47:07.000Z
986,44472,2026-07-16T05:18:06.000Z,Football,,2026-07-16T06:20:06.000Z
987,44472,2026-07-07T12:10:42.000Z,Football,,2026-07-07T14:10:42.000Z
988,44472,2026-03-12T18:11:35.000Z,Football,,2026-03-12T19:40:35.000Z
989,44472,2026-01-01T05:32:11.000Z,Football,,2026-01-01T06:34:11.000Z
990,44472,2026-01-01T09:05:03.000Z,Football,,2026-01-01T10:00:03.000Z
991,44472,2026-07-26T12:31:24.000Z,Football,,2026-07-26T13:52:24.000Z
992,44472,2025-12-15T18:53:34.000Z,Football,,2025-12-15T20:16:34.000Z
993,44927,2025-12-09T06:18:46.000Z,Randonnée,23192.0,2025-12-09T11:38:46.000Z
994,44927,2025-10-18T04:37:16.000Z,Randonnée,24163.0,2025-10-18T11:07:16.000Z
995,44927,2026-02-23T20:42:51.000Z,Randonnée,6044.0,2026-02-24T01:55:51.000Z
996,44927,2026-05-15T15:49:36.000Z,Randonnée,4917.0,2026-05-15T22:15:36.000Z
997,44927,2026-09-24T16:48:22.000Z,Randonnée,11545.0,2026-09-24T20:52:22.000Z
998,44927,2026-03-09T10:43:56.000Z,Randonnée,12866.0,2026-03-09T16:34:56.000Z
999,44927,2026-03-28T22:10:28.000Z,Randonnée,28770.0,2026-03-29T05:40:28.000Z
1000,44927,2026-05-13T02:37:28.000Z,Randonnée,4823.0,2026-05-13T03:45:28.000Z
1001,44927,2025-10-12T11:12:47.000Z,Randonnée,27910.0,2025-10-12T14:02:47.000Z
1002,44927,2026-01-16T06:15:35.000Z,Randonnée,19971.0,2026-01-16T11:34:35.000Z
1003,44927,2026-03-07T08:06:24.000Z,Randonnée,14437.0,2026-03-07T15:38:24.000Z
1004,44927,2026-06-02T18:14:24.000Z,Randonnée,17487.0,2026-06-02T19:56:24.000Z
1005,44927,2025-10-29T11:10:52.000Z,Randonnée,11367.0,2025-10-29T14:32:52.000Z
1006,44927,2026-08-06T19:39:57.000Z,Randonnée,7195.0,2026-08-06T22:23:57.000Z
1007,44927,2026-05-12T17:59:25.000Z,Randonnée,20126.0,2026-05-12T22:19:25.000Z
1008,44927,2026-06-25T08:07:52.000Z,Randonnée,14812.0,2026-06-25T11:45:52.000Z
1009,44927,2025-12-30T22:42:59.000Z,Randonnée,5328.0,2025-12-31T00:11:59.000Z
1010,44927,2026-03-22T01:43:54.000Z,Randonnée,19532.0,2026-03-22T03:42:54.000Z
1011,44927,2026-06-12T16:18:41.000Z,Randonnée,23026.0,2026-06-12T19:56:41.000Z
1012,44927,2025-10-01T22:02:45.000Z,Randonnée,22113.0,2025-10-02T00:03:45.000Z
1013,44927,2026-04-07T18:54:13.000Z,Randonnée,28731.0,2026-04-07T21:17:13.000Z
1014,44927,2026-07-28T01:58:07.000Z,Randonnée,25208.0,2026-07-28T07:22:07.000Z
1015,44927,2026-02-18T10:04:27.000Z,Randonnée,6427.0,2026-02-18T12:29:27.000Z
1016,44927,2026-09-06T05:59:03.000Z,Randonnée,6188.0,2026-09-06T13:14:03.000Z
1017,44927,2026-08-06T10:47:25.000Z,Randonnée,14592.0,2026-08-06T14:38:25.000Z
1018,44927,2026-01-07T02:52:06.000Z,Randonnée,22233.0,2026-01-07T04:24:06.000Z
1019,44927,2026-03-22T18:45:02.000Z,Randonnée,16791.0,2026-03-22T23:59:02.000Z
1020,44927,2026-08-26T17:48:49.000Z,Randonnée,18306.0,2026-08-26T23:03:49.000Z
1021,44927,2026-01-04T01:51:15.000Z,Randonnée,23880.0,2026-01-04T04:11:15.000Z
1022,44927,2026-07-11T16:34:10.000Z,Randonnée,16738.0,2026-07-11T19:30:10.000Z
1023,44927,2025-12-30T23:23:05.000Z,Randonnée,4242.0,2025-12-31T00:29:05.000Z
1024,44927,2026-09-19T09:07:59.000Z,Randonnée,7052.0,2026-09-19T13:23:59.000Z
1025,44927,2026-08-04T21:34:43.000Z,Randonnée,27677.0,2026-08-05T03:17:43.000Z
1026,44927,2026-01-29T23:24:43.000Z,Randonnée,9703.0,2026-01-30T02:18:43.000Z
1027,44927,2026-08-13T18:51:00.000Z,Randonnée,5103.0,2026-08-13T22:09:00.000Z
1028,44927,2026-04-09T23:21:38.000Z,Randonnée,21180.0,2026-04-10T01:22:38.000Z
1029,44927,2025-12-22T16:14:07.000Z,Randonnée,24717.0,2025-12-22T18:45:07.000Z
1030,44927,2025-10-23T18:26:27.000Z,Randonnée,26679.0,2025-10-23T22:51:27.000Z
1031,44927,2026-08-21T02:32:24.000Z,Randonnée,11389.0,2026-08-21T10:08:24.000Z
1032,44927,2026-03-23T09:10:58.000Z,Randonnée,3215.0,2026-03-23T14:53:58.000Z
1033,44927,2026-05-03T23:03:34.000Z,Randonnée,24182.0,2026-05-04T02:32:34.000Z
1034,44927,2026-02-17T00:33:32.000Z,Randonnée,18976.0,2026-02-17T05:30:32.000Z
1035,44927,2026-07-25T07:46:52.000Z,Randonnée,8276.0,2026-07-25T15:21:52.000Z
1036,45221,2025-09-29T11:26:46.000Z,Randonnée,28175.0,2025-09-29T13:43:46.000Z
1037,45221,2026-04-25T07:34:01.000Z,Randonnée,12353.0,2026-04-25T10:33:01.000Z
1038,45221,2025-09-27T13:37:37.000Z,Randonnée,23491.0,2025-09-27T17:28:37.000Z
1039,45221,2026-07-06T10:08:07.000Z,Randonnée,11303.0,2026-07-06T17:25:07.000Z
1040,45221,2025-12-28T11:52:58.000Z,Randonnée,14335.0,2025-12-28T17:23:58.000Z
1041,45221,2026-06-30T09:04:54.000Z,Randonnée,10555.0,2026-06-30T11:16:54.000Z
1042,45221,2026-09-10T11:19:31.000Z,Randonnée,25829.0,2026-09-10T14:17:31.000Z
1043,45221,2026-09-09T19:23:29.000Z,Randonnée,13057.0,2026-09-10T02:21:29.000Z
1044,45221,2025-11-03T02:50:32.000Z,Randonnée,16647.0,2025-11-03T08:47:32.000Z
1045,45221,2026-05-14T20:52:06.000Z,Randonnée,18331.0,2026-05-14T22:30:06.000Z
1046,45221,2025-11-16T18:17:22.000Z,Randonnée,9393.0,2025-11-17T00:56:22.000Z
1047,45221,2026-09-21T15:20:11.000Z,Randonnée,24622.0,2026-09-21T19:01:11.000Z
1048,45221,2026-03-21T20:00:32.000Z,Randonnée,10343.0,2026-03-21T23:42:32.000Z
1049,45221,2025-11-18T20:39:15.000Z,Randonnée,24058.0,2025-11-18T23:22:15.000Z
1050,45221,2025-11-07T00:48:05.000Z,Randonnée,7438.0,2025-11-07T03:07:05.000Z
1051,45221,2026-03-03T20:58:17.000Z,Randonnée,6260.0,2026-03-04T00:38:17.000Z
1052,45221,2025-12-16T15:18:35.000Z,Randonnée,15202.0,2025-12-16T22:52:35.000Z
1053,45221,2026-08-24T01:42:35.000Z,Randonnée,6238.0,2026-08-24T04:57:35.000Z
1054,45221,2026-06-20T10:29:40.000Z,Randonnée,11214.0,2026-06-20T18:22:40.000Z
1055,45221,2026-08-17T15:23:00.000Z,Randonnée,26127.0,2026-08-17T18:13:00.000Z
1056,46253,2026-01-01T09:34:00.000Z,Randonnée,29147.0,2026-01-01T16:38:00.000Z
1057,46253,2025-10-16T00:15:10.000Z,Randonnée,21284.0,2025-10-16T05:37:10.000Z
1058,46253,2025-12-03T12:33:53.000Z,Randonnée,3839.0,2025-12-03T20:32:53.000Z
1059,46253,2026-04-30T21:51:52.000Z,Randonnée,23198.0,2026-05-01T02:42:52.000Z
1060,46253,2026-03-25T10:33:18.000Z,Randonnée,5751.0,2026-03-25T12:21:18.000Z
1061,46253,2025-10-01T15:26:47.000Z,Randonnée,4665.0,2025-10-01T17:28:47.000Z
1062,46253,2025-12-12T22:44:01.000Z,Randonnée,25239.0,2025-12-13T00:50:01.000Z
1063,46253,2026-05-29T18:47:56.000Z,Randonnée,28315.0,2026-05-30T01:38:56.000Z
1064,46253,2026-05-12T15:01:21.000Z,Randonnée,9988.0,2026-05-12T20:59:21.000Z
1065,46253,2025-10-22T00:55:22.000Z,Randonnée,8339.0,2025-10-22T02:06:22.000Z
1066,46304,2026-09-13T11:56:17.000Z,Rugby,,2026-09-13T12:52:17.000Z
1067,46304,2025-10-13T13:57:30.000Z,Rugby,,2025-10-13T14:57:30.000Z
1068,46304,2025-12-01T05:46:22.000Z,Rugby,,2025-12-01T06:37:22.000Z
1069,46304,2026-04-07T16:13:59.000Z,Rugby,,2026-04-07T17:48:59.000Z
1070,46304,2026-06-19T08:00:21.000Z,Rugby,,2026-06-19T09:33:21.000Z
1071,46304,2026-02-11T10:59:24.000Z,Rugby,,2026-02-11T12:06:24.000Z
1072,46304,2026-01-11T19:00:57.000Z,Rugby,,2026-01-11T20:08:57.000Z
1073,46304,2026-09-05T02:06:23.000Z,Rugby,,2026-09-05T03:48:23.000Z
1074,46304,2026-05-23T11:53:17.000Z,Rugby,,2026-05-23T12:42:17.000Z
1075,46304,2026-04-08T18:00:24.000Z,Rugby,,2026-04-08T19:22:24.000Z
1076,46304,2026-04-01T00:53:30.000Z,Rugby,,2026-04-01T02:48:30.000Z
1077,46304,2026-01-13T15:42:04.000Z,Rugby,,2026-01-13T16:38:04.000Z
1078,46304,2026-03-08T19:33:06.000Z,Rugby,,2026-03-08T20:35:06.000Z
1079,46903,2026-01-01T18:13:31.000Z,Escalade,,2026-01-01T21:12:31.000Z
1080,46903,2026-02-22T13:08:25.000Z,Escalade,,2026-02-22T13:57:25.000Z
1081,46903,2026-04-26T11:16:25.000Z,Escalade,,2026-04-26T14:03:25.000Z
1082,46903,2026-09-16T10:45:58.000Z,Escalade,,2026-09-16T12:58:58.000Z
1083,46903,2026-02-24T19:58:33.000Z,Escalade,,2026-02-24T22:05:33.000Z
1084,46903,2025-10-07T02:55:28.000Z,Escalade,,2025-10-07T04:26:28.000Z
1085,46903,2025-12-21T01:24:58.000Z,Escalade,,2025-12-21T04:41:58.000Z
1086,46903,2025-10-19T18:06:35.000Z,Escalade,,2025-10-19T20:02:35.000Z
1087,46903,2026-02-12T19:30:57.000Z,Escalade,,2026-02-12T22:30:57.000Z
1088,46903,2025-11-04T21:19:10.000Z,Escalade,,2025-11-04T22:44:10.000Z
1089,46903,2025-12-29T15:42:25.000Z,Escalade,,2025-12-29T19:15:25.000Z
1090,46903,2026-08-10T00:19:44.000Z,Escalade,,2026-08-10T03:20:44.000Z
1091,46903,2025-12-21T05:03:51.000Z,Escalade,,2025-12-21T09:03:51.000Z
1092,46903,2026-09-25T04:45:07.000Z,Escalade,,2026-09-25T07:00:07.000Z
1093,46903,2025-12-27T20:48:58.000Z,Escalade,,2025-12-27T22:18:58.000Z
1094,46903,2026-06-24T22:21:03.000Z,Escalade,,2026-06-25T02:14:03.000Z
1095,46903,2025-10-07T22:54:15.000Z,Escalade,,2025-10-08T02:10:15.000Z
1096,46903,2026-05-03T21:11:35.000Z,Escalade,,2026-05-04T00:21:35.000Z
1097,46903,2025-12-09T02:27:53.000Z,Escalade,,2025-12-09T05:36:53.000Z
1098,46903,2026-01-25T00:35:00.000Z,Escalade,,2026-01-25T03:38:00.000Z
1099,46903,2025-10-11T17:50:51.000Z,Escalade,,2025-10-11T20:40:51.000Z
1100,46903,2025-12-26T08:12:24.000Z,Escalade,,2025-12-26T09:11:24.000Z
1101,46903,2026-04-19T10:51:20.000Z,Escalade,,2026-04-19T11:41:20.000Z
1102,46903,2026-02-02T19:59:05.000Z,Escalade,,2026-02-02T20:44:05.000Z
1103,46903,2026-02-06T08:06:16.000Z,Escalade,,2026-02-06T09:24:16.000Z
1104,46903,2025-10-20T03:06:06.000Z,Escalade,,2025-10-20T05:13:06.000Z
1105,46903,2026-05-12T19:35:37.000Z,Escalade,,2026-05-12T20:57:37.000Z
1106,46903,2026-08-21T17:46:25.000Z,Escalade,,2026-08-21T18:59:25.000Z
1107,46903,2025-10-25T04:02:36.000Z,Escalade,,2025-10-25T06:20:36.000Z
1108,46903,2026-06-11T03:35:16.000Z,Escalade,,2026-06-11T07:20:16.000Z
1109,46903,2025-11-05T05:41:17.000Z,Escalade,,2025-11-05T08:56:17.000Z
1110,46903,2026-01-30T06:52:47.000Z,Escalade,,2026-01-30T08:54:47.000Z
1111,46903,2026-07-08T10:00:56.000Z,Escalade,,2026-07-08T11:25:56.000Z
1112,46903,2026-04-04T05:01:59.000Z,Escalade,,2026-04-04T08:29:59.000Z
1113,46903,2026-06-28T15:25:21.000Z,Escalade,,2026-06-28T16:54:21.000Z
1114,46903,2026-09-07T11:40:29.000Z,Escalade,,2026-09-07T15:22:29.000Z
1115,46903,2026-06-12T11:12:17.000Z,Escalade,,2026-06-12T12:54:17.000Z
1116,46903,2026-01-24T03:47:59.000Z,Escalade,,2026-01-24T06:08:59.000Z
1117,46903,2025-12-05T00:21:40.000Z,Escalade,,2025-12-05T01:38:40.000Z
1118,46903,2026-05-07T11:12:26.000Z,Escalade,,2026-05-07T14:56:26.000Z
1119,46903,2025-10-09T13:49:44.000Z,Escalade,,2025-10-09T16:59:44.000Z
1120,46903,2026-01-28T13:59:47.000Z,Escalade,,2026-01-28T17:18:47.000Z
1121,46903,2026-05-04T15:18:37.000Z,Escalade,,2026-05-04T18:46:37.000Z
1122,46903,2025-11-20T14:53:28.000Z,Escalade,,2025-11-20T17:45:28.000Z
1123,46903,2025-10-27T05:12:37.000Z,Escalade,,2025-10-27T09:07:37.000Z
1124,46903,2026-01-29T02:07:47.000Z,Escalade,,2026-01-29T04:20:47.000Z
1125,48260,2026-08-12T02:26:35.000Z,Voile,,2026-08-12T04:11:35.000Z
1126,48260,2025-10-01T10:12:53.000Z,Voile,,2025-10-01T15:00:53.000Z
1127,48260,2026-01-01T21:53:21.000Z,Voile,,2026-01-02T00:40:21.000Z
1128,48260,2026-01-04T16:13:31.000Z,Voile,,2026-01-04T20:12:31.000Z
1129,48260,2025-10-15T16:46:00.000Z,Voile,,2025-10-15T17:46:00.000Z
1130,48260,2026-07-08T12:10:56.000Z,Voile,,2026-07-08T16:54:56.000Z
1131,48260,2026-09-05T12:37:19.000Z,Voile,,2026-09-05T15:02:19.000Z
1132,48260,2026-09-04T10:41:53.000Z,Voile,,2026-09-04T15:53:53.000Z
1133,48260,2026-04-27T01:18:44.000Z,Voile,,2026-04-27T05:17:44.000Z
1134,48260,2026-08-14T21:02:27.000Z,Voile,,2026-08-14T22:53:27.000Z
1135,48260,2026-06-06T19:28:33.000Z,Voile,,2026-06-07T01:23:33.000Z
1136,48260,2026-03-21T06:18:13.000Z,Voile,,2026-03-21T08:41:13.000Z
1137,48260,2026-01-19T12:44:51.000Z,Voile,,2026-01-19T14:01:51.000Z
1138,48260,2026-01-06T09:53:11.000Z,Voile,,2026-01-06T13:36:11.000Z
1139,48260,2026-02-06T17:53:00.000Z,Voile,,2026-02-06T19:30:00.000Z
1140,48260,2025-11-28T11:44:18.000Z,Voile,,2025-11-28T15:56:18.000Z
1141,48260,2026-09-10T19:07:26.000Z,Voile,,2026-09-11T00:47:26.000Z
1142,48260,2026-05-15T16:45:57.000Z,Voile,,2026-05-15T20:38:57.000Z
1143,48260,2026-03-13T12:13:29.000Z,Voile,,2026-03-13T13:28:29.000Z
1144,48260,2025-11-27T00:18:48.000Z,Voile,,2025-11-27T05:00:48.000Z
1145,48260,2026-02-02T14:01:30.000Z,Voile,,2026-02-02T15:52:30.000Z
1146,48260,2026-03-04T22:45:53.000Z,Voile,,2026-03-05T01:22:53.000Z
1147,48260,2026-01-08T00:26:48.000Z,Voile,,2026-01-08T06:02:48.000Z
1148,48260,2025-12-28T06:06:37.000Z,Voile,,2025-12-28T09:38:37.000Z
1149,48260,2026-02-26T14:06:50.000Z,Voile,,2026-02-26T15:31:50.000Z
1150,48260,2025-11-25T15:33:43.000Z,Voile,,2025-11-25T20:44:43.000Z
1151,48260,2025-09-28T11:33:49.000Z,Voile,,2025-09-28T15:37:49.000Z
1152,48260,2026-01-19T09:23:59.000Z,Voile,,2026-01-19T11:07:59.000Z
1153,48260,2025-11-03T15:59:00.000Z,Voile,,2025-11-03T18:41:00.000Z
1154,48260,2025-12-02T08:16:17.000Z,Voile,,2025-12-02T11:01:17.000Z
1155,48260,2026-03-29T21:59:54.000Z,Voile,,2026-03-29T23:40:54.000Z
1156,48260,2026-07-28T19:34:47.000Z,Voile,,2026-07-28T23:11:47.000Z
1157,48260,2026-04-04T22:42:45.000Z,Voile,,2026-04-05T03:43:45.000Z
1158,48260,2026-06-03T06:37:41.000Z,Voile,,2026-06-03T08:23:41.000Z
1159,48260,2025-12-07T19:13:04.000Z,Voile,,2025-12-07T23:31:04.000Z
1160,48260,2026-02-17T11:04:23.000Z,Voile,,2026-02-17T15:19:23.000Z
1161,48260,2025-10-14T07:51:35.000Z,Voile,,2025-10-14T12:39:35.000Z
1162,48260,2026-03-26T14:39:15.000Z,Voile,,2026-03-26T19:24:15.000Z
1163,48260,2026-08-18T02:08:22.000Z,Voile,,2026-08-18T05:03:22.000Z
1164,48260,2025-10-20T22:31:14.000Z,Voile,,2025-10-21T04:19:14.000Z
1165,48260,2025-10-30T06:51:00.000Z,Voile,,2025-10-30T08:40:00.000Z
1166,48260,2026-03-06T18:38:06.000Z,Voile,,2026-03-07T00:15:06.000Z
1167,48260,2025-10-20T16:24:34.000Z,Voile,,2025-10-20T22:07:34.000Z
1168,48260,2026-03-08T13:56:01.000Z,Voile,,2026-03-08T19:23:01.000Z
1169,48260,2026-05-07T10:05:02.000Z,Voile,,2026-05-07T15:08:02.000Z
1170,49419,2025-10-27T15:54:51.000Z,Natation,2277.0,2025-10-27T16:52:51.000Z
1171,49419,2026-05-06T20:09:20.000Z,Natation,4552.0,2026-05-06T21:33:20.000Z
1172,49419,2026-07-18T01:30:38.000Z,Natation,2521.0,2026-07-18T02:05:38.000Z
1173,49419,2026-08-06T23:24:00.000Z,Natation,1367.0,2026-08-07T00:11:00.000Z
1174,49419,2025-10-27T10:26:51.000Z,Natation,4947.0,2025-10-27T11:40:51.000Z
1175,49419,2026-08-12T10:51:08.000Z,Natation,3323.0,2026-08-12T11:36:08.000Z
1176,49419,2026-09-15T17:18:47.000Z,Natation,3772.0,2026-09-15T18:18:47.000Z
1177,49419,2026-02-24T17:20:46.000Z,Natation,3004.0,2026-02-24T17:51:46.000Z
1178,49419,2026-08-25T16:18:57.000Z,Natation,1743.0,2026-08-25T17:19:57.000Z
1179,49419,2026-07-29T11:10:59.000Z,Natation,3652.0,2026-07-29T11:31:59.000Z
1180,49419,2026-03-08T22:53:52.000Z,Natation,1006.0,2026-03-09T00:53:52.000Z
1181,49419,2026-05-05T01:02:17.000Z,Natation,3146.0,2026-05-05T01:40:17.000Z
1182,49419,2026-05-03T12:35:33.000Z,Natation,4008.0,2026-05-03T13:08:33.000Z
1183,49419,2026-09-03T19:27:36.000Z,Natation,2047.0,2026-09-03T20:55:36.000Z
1184,49419,2026-02-22T18:13:26.000Z,Natation,3447.0,2026-02-22T19:06:26.000Z
1185,49419,2025-12-02T21:01:04.000Z,Natation,1739.0,2025-12-02T21:25:04.000Z
1186,49419,2026-05-21T09:04:41.000Z,Natation,3564.0,2026-05-21T10:43:41.000Z
1187,49419,2026-02-27T17:03:20.000Z,Natation,4503.0,2026-02-27T17:27:20.000Z
1188,49419,2025-12-28T06:23:58.000Z,Natation,722.0,2025-12-28T08:11:58.000Z
1189,49419,2026-09-10T08:56:17.000Z,Natation,2176.0,2026-09-10T09:50:17.000Z
1190,49419,2026-01-25T18:15:27.000Z,Natation,1762.0,2026-01-25T19:13:27.000Z
1191,49419,2026-06-19T23:17:00.000Z,Natation,942.0,2026-06-20T01:06:00.000Z
1192,49419,2026-01-21T16:40:50.000Z,Natation,4884.0,2026-01-21T17:17:50.000Z
1193,49419,2026-08-13T17:13:52.000Z,Natation,1944.0,2026-08-13T19:12:52.000Z
1194,49419,2026-06-04T17:00:25.000Z,Natation,902.0,2026-06-04T18:37:25.000Z
1195,49419,2026-09-16T17:48:38.000Z,Natation,4208.0,2026-09-16T18:35:38.000Z
1196,49419,2026-04-15T14:08:31.000Z,Natation,4402.0,2026-04-15T16:05:31.000Z
1197,49419,2026-07-31T09:13:30.000Z,Natation,1215.0,2026-07-31T10:38:30.000Z
1198,49419,2026-04-11T19:40:27.000Z,Natation,2315.0,2026-04-11T21:30:27.000Z
1199,49419,2025-10-08T05:48:59.000Z,Natation,1282.0,2025-10-08T07:20:59.000Z
1200,49419,2026-01-01T21:25:04.000Z,Natation,649.0,2026-01-01T21:52:04.000Z
1201,49419,2026-06-27T15:39:51.000Z,Natation,1396.0,2026-06-27T16:45:51.000Z
1202,49419,2026-04-11T04:07:08.000Z,Natation,2286.0,2026-04-11T05:26:08.000Z
1203,49419,2025-10-08T20:52:10.000Z,Natation,1589.0,2025-10-08T22:39:10.000Z
1204,49419,2026-03-19T05:59:07.000Z,Natation,1299.0,2026-03-19T07:35:07.000Z
1205,49571,2026-02-09T19:59:54.000Z,Rugby,,2026-02-09T21:54:54.000Z
1206,49571,2026-08-18T07:29:56.000Z,Rugby,,2026-08-18T08:34:56.000Z
1207,49571,2026-01-15T17:02:21.000Z,Rugby,,2026-01-15T17:58:21.000Z
1208,49571,2025-10-16T06:46:52.000Z,Rugby,,2025-10-16T08:20:52.000Z
1209,49571,2026-07-26T20:32:37.000Z,Rugby,,2026-07-26T22:30:37.000Z
1210,49571,2026-06-05T10:01:04.000Z,Rugby,,2026-06-05T11:14:04.000Z
1211,49571,2026-01-09T12:02:26.000Z,Rugby,,2026-01-09T13:13:26.000Z
1212,49571,2025-10-04T18:54:05.000Z,Rugby,,2025-10-04T20:44:05.000Z
1213,49571,2026-09-15T23:56:22.000Z,Rugby,,2026-09-16T01:41:22.000Z
1214,49571,2026-05-18T11:02:56.000Z,Rugby,,2026-05-18T12:09:56.000Z
1215,49571,2026-01-03T00:26:57.000Z,Rugby,,2026-01-03T01:39:57.000Z
1216,49571,2026-03-10T14:09:56.000Z,Rugby,,2026-03-10T15:29:56.000Z
1217,49571,2026-03-24T06:10:17.000Z,Rugby,,2026-03-24T07:39:17.000Z
1218,49571,2026-03-27T05:56:26.000Z,Rugby,,2026-03-27T07:08:26.000Z
1219,49571,2026-08-13T03:08:01.000Z,Rugby,,2026-08-13T04:59:01.000Z
1220,49571,2025-11-05T17:37:04.000Z,Rugby,,2025-11-05T19:36:04.000Z
1221,49571,2026-06-11T05:36:00.000Z,Rugby,,2026-06-11T07:26:00.000Z
1222,49571,2026-06-05T09:39:57.000Z,Rugby,,2026-06-05T11:35:57.000Z
1223,49571,2026-06-19T19:11:34.000Z,Rugby,,2026-06-19T20:34:34.000Z
1224,49571,2025-10-21T19:00:16.000Z,Rugby,,2025-10-21T20:46:16.000Z
1225,49571,2026-06-02T18:46:32.000Z,Rugby,,2026-06-02T20:06:32.000Z
1226,49571,2026-01-06T10:03:56.000Z,Rugby,,2026-01-06T11:23:56.000Z
1227,49571,2025-11-24T05:26:32.000Z,Rugby,,2025-11-24T06:35:32.000Z
1228,49571,2026-09-11T09:41:27.000Z,Rugby,,2026-09-11T10:56:27.000Z
1229,49571,2026-06-10T12:35:19.000Z,Rugby,,2026-06-10T14:11:19.000Z
1230,49571,2026-07-04T02:50:48.000Z,Rugby,,2026-07-04T03:52:48.000Z
1231,49571,2026-01-19T19:14:05.000Z,Rugby,,2026-01-19T21:02:05.000Z
1232,49571,2026-03-03T03:08:06.000Z,Rugby,,2026-03-03T04:46:06.000Z
1233,49571,2026-05-11T10:10:29.000Z,Rugby,,2026-05-11T10:59:29.000Z
1234,49571,2026-07-06T03:56:08.000Z,Rugby,,2026-07-06T05:24:08.000Z
1235,49571,2026-06-01T21:30:49.000Z,Rugby,,2026-06-01T23:23:49.000Z
1236,49571,2026-04-12T00:31:01.000Z,Rugby,,2026-04-12T02:01:01.000Z
1237,49571,2026-08-19T11:19:13.000Z,Rugby,,2026-08-19T12:25:13.000Z
1238,49571,2026-01-19T02:15:57.000Z,Rugby,,2026-01-19T03:23:57.000Z
1239,49571,2025-11-15T16:31:32.000Z,Rugby,,2025-11-15T18:16:32.000Z
1240,49571,2026-07-20T06:54:47.000Z,Rugby,,2026-07-20T08:50:47.000Z
1241,49571,2026-06-08T03:46:22.000Z,Rugby,,2026-06-08T05:13:22.000Z
1242,49571,2026-02-11T23:28:52.000Z,Rugby,,2026-02-12T00:41:52.000Z
1243,49571,2026-03-09T07:05:18.000Z,Rugby,,2026-03-09T08:29:18.000Z
1244,49571,2026-01-06T04:35:17.000Z,Rugby,,2026-01-06T06:07:17.000Z
1245,49571,2026-08-23T13:53:18.000Z,Rugby,,2026-08-23T15:37:18.000Z
1246,49571,2025-10-17T20:18:19.000Z,Rugby,,2025-10-17T22:03:19.000Z
1247,49804,2026-04-09T08:47:14.000Z,Running,4756.0,2026-04-09T09:31:14.000Z
1248,49804,2026-01-20T20:52:37.000Z,Running,11501.0,2026-01-20T22:19:37.000Z
1249,49804,2025-12-13T18:53:58.000Z,Running,9881.0,2025-12-13T19:30:58.000Z
1250,49804,2026-01-27T20:54:27.000Z,Running,21835.0,2026-01-27T21:32:27.000Z
1251,49804,2025-10-28T09:13:02.000Z,Running,13214.0,2025-10-28T11:12:02.000Z
1252,49804,2026-05-31T09:57:32.000Z,Running,3334.0,2026-05-31T10:57:32.000Z
1253,49804,2025-12-17T07:35:06.000Z,Running,19507.0,2025-12-17T08:30:06.000Z
1254,49804,2026-07-20T21:30:17.000Z,Running,5644.0,2026-07-20T23:03:17.000Z
1255,49804,2026-05-23T15:21:58.000Z,Running,11975.0,2026-05-23T15:57:58.000Z
1256,49804,2026-03-12T14:48:25.000Z,Running,24203.0,2026-03-12T15:59:25.000Z
1257,49804,2025-10-11T15:37:31.000Z,Running,14277.0,2025-10-11T15:57:31.000Z
1258,49804,2026-09-08T10:06:07.000Z,Running,9411.0,2026-09-08T10:27:07.000Z
1259,49804,2025-10-03T22:59:25.000Z,Running,17565.0,2025-10-03T23:43:25.000Z
1260,49804,2026-06-23T08:07:08.000Z,Running,22171.0,2026-06-23T08:55:08.000Z
1261,49804,2025-11-05T21:18:36.000Z,Running,10822.0,2025-11-05T21:54:36.000Z
1262,49804,2025-10-22T08:31:08.000Z,Running,20948.0,2025-10-22T09:12:08.000Z
1263,49804,2026-03-23T01:32:28.000Z,Running,18740.0,2026-03-23T02:29:28.000Z
1264,49804,2026-03-14T10:03:10.000Z,Running,22423.0,2026-03-14T11:06:10.000Z
1265,49804,2026-09-12T01:30:20.000Z,Running,13274.0,2026-09-12T02:33:20.000Z
1266,49804,2026-09-14T04:52:00.000Z,Running,23119.0,2026-09-14T05:33:00.000Z
1267,49804,2025-12-24T17:00:45.000Z,Running,7159.0,2025-12-24T17:22:45.000Z
1268,49804,2026-07-09T02:05:24.000Z,Running,2504.0,2026-07-09T02:52:24.000Z
1269,49804,2025-11-13T19:57:10.000Z,Running,10432.0,2025-11-13T20:38:10.000Z
1270,49804,2026-09-02T09:59:00.000Z,Running,16727.0,2026-09-02T11:07:00.000Z
1271,49804,2025-10-15T20:51:47.000Z,Running,15660.0,2025-10-15T22:30:47.000Z
1272,49804,2025-11-07T23:41:25.000Z,Running,17032.0,2025-11-08T01:25:25.000Z
1273,49804,2026-06-21T20:56:01.000Z,Running,4663.0,2026-06-21T21:22:01.000Z
1274,49804,2025-11-13T23:59:22.000Z,Running,14587.0,2025-11-14T01:07:22.000Z
1275,49804,2025-11-25T11:14:52.000Z,Running,6726.0,2025-11-25T13:03:52.000Z
1276,49804,2026-03-09T10:48:22.000Z,Running,17218.0,2026-03-09T11:46:22.000Z
1277,49804,2026-05-26T20:53:45.000Z,Running,15930.0,2026-05-26T21:47:45.000Z
1278,49804,2026-08-15T14:14:40.000Z,Running,22668.0,2026-08-15T15:27:40.000Z
1279,49804,2026-05-24T21:21:44.000Z,Running,4708.0,2026-05-24T23:13:44.000Z
1280,49804,2025-11-07T06:26:58.000Z,Running,13448.0,2025-11-07T08:26:58.000Z
1281,49804,2026-01-07T03:16:51.000Z,Running,21124.0,2026-01-07T05:15:51.000Z
1282,50309,2026-03-05T03:12:17.000Z,Running,8793.0,2026-03-05T05:02:17.000Z
1283,50309,2026-04-07T18:21:40.000Z,Running,22938.0,2026-04-07T19:51:40.000Z
1284,50309,2025-12-27T01:44:51.000Z,Running,2063.0,2025-12-27T02:46:51.000Z
1285,50309,2026-08-17T08:55:40.000Z,Running,15206.0,2026-08-17T09:29:40.000Z
1286,50309,2025-10-31T23:37:52.000Z,Running,19929.0,2025-11-01T00:16:52.000Z
1287,50309,2026-07-05T00:13:10.000Z,Running,4330.0,2026-07-05T02:05:10.000Z
1288,50309,2025-12-25T18:34:12.000Z,Running,12505.0,2025-12-25T20:16:12.000Z
1289,50309,2026-03-26T07:22:43.000Z,Running,3152.0,2026-03-26T08:15:43.000Z
1290,50309,2026-08-23T23:32:00.000Z,Running,8683.0,2026-08-23T23:57:00.000Z
1291,50309,2026-07-10T19:41:36.000Z,Running,4666.0,2026-07-10T20:55:36.000Z
1292,50309,2026-08-23T21:12:13.000Z,Running,5183.0,2026-08-23T21:33:13.000Z
1293,50309,2026-02-12T20:23:48.000Z,Running,22574.0,2026-02-12T21:25:48.000Z
1294,50309,2025-11-02T02:22:08.000Z,Running,10570.0,2025-11-02T04:15:08.000Z
1295,50309,2025-11-10T04:59:28.000Z,Running,11218.0,2025-11-10T05:42:28.000Z
1296,50309,2026-08-17T13:21:58.000Z,Running,10871.0,2026-08-17T14:15:58.000Z
1297,50309,2026-06-05T23:41:15.000Z,Running,22381.0,2026-06-06T00:54:15.000Z
1298,50309,2025-11-17T11:05:50.000Z,Running,18012.0,2025-11-17T11:39:50.000Z
1299,50309,2025-11-06T06:40:34.000Z,Running,11569.0,2025-11-06T07:20:34.000Z
1300,50309,2026-06-17T11:04:56.000Z,Running,12078.0,2026-06-17T12:36:56.000Z
1301,50309,2026-02-13T06:23:02.000Z,Running,16061.0,2026-02-13T08:22:02.000Z
1302,50309,2026-09-19T10:43:51.000Z,Running,13227.0,2026-09-19T12:04:51.000Z
1303,50309,2025-10-14T20:29:35.000Z,Running,3457.0,2025-10-14T21:45:35.000Z
1304,50309,2026-06-27T15:03:04.000Z,Running,21972.0,2026-06-27T15:24:04.000Z
1305,50309,2026-07-12T19:04:34.000Z,Running,15263.0,2026-07-12T21:02:34.000Z
1306,50309,2026-09-01T02:17:16.000Z,Running,9781.0,2026-09-01T04:02:16.000Z
1307,50309,2026-06-26T01:52:50.000Z,Running,16219.0,2026-06-26T03:40:50.000Z
1308,50309,2026-07-06T04:53:14.000Z,Running,7717.0,2026-07-06T06:37:14.000Z
1309,50504,2026-06-03T02:19:22.000Z,Escalade,,2026-06-03T05:57:22.000Z
1310,50504,2026-08-18T20:21:16.000Z,Escalade,,2026-08-18T21:44:16.000Z
1311,50504,2025-10-18T04:35:35.000Z,Escalade,,2025-10-18T07:56:35.000Z
1312,50504,2026-09-24T20:58:22.000Z,Escalade,,2026-09-25T00:27:22.000Z
1313,50504,2026-08-22T15:48:51.000Z,Escalade,,2026-08-22T18:42:51.000Z
1314,50504,2026-08-30T15:32:27.000Z,Escalade,,2026-08-30T18:23:27.000Z
1315,50504,2026-07-15T19:50:06.000Z,Escalade,,2026-07-15T20:54:06.000Z
1316,50504,2025-12-29T13:16:28.000Z,Escalade,,2025-12-29T15:23:28.000Z
1317,50504,2025-10-16T13:18:09.000Z,Escalade,,2025-10-16T15:14:09.000Z
1318,50504,2026-04-28T18:59:26.000Z,Escalade,,2026-04-28T20:41:26.000Z
1319,50504,2026-08-10T07:57:17.000Z,Escalade,,2026-08-10T10:25:17.000Z
1320,50504,2026-03-24T07:04:18.000Z,Escalade,,2026-03-24T08:09:18.000Z
1321,50504,2026-03-20T00:34:53.000Z,Escalade,,2026-03-20T03:45:53.000Z
1322,50504,2026-03-19T14:58:36.000Z,Escalade,,2026-03-19T17:50:36.000Z
1323,50504,2026-04-08T03:51:20.000Z,Escalade,,2026-04-08T05:06:20.000Z
1324,50504,2026-03-02T16:19:48.000Z,Escalade,,2026-03-02T17:30:48.000Z
1325,50504,2026-05-01T08:50:14.000Z,Escalade,,2026-05-01T09:44:14.000Z
1326,50504,2026-08-13T18:01:39.000Z,Escalade,,2026-08-13T18:46:39.000Z
1327,50504,2026-05-25T10:06:53.000Z,Escalade,,2026-05-25T13:25:53.000Z
1328,50504,2026-05-03T09:19:10.000Z,Escalade,,2026-05-03T12:14:10.000Z
1329,50504,2026-06-14T18:35:41.000Z,Escalade,,2026-06-14T22:07:41.000Z
1330,50504,2026-02-15T02:35:50.000Z,Escalade,,2026-02-15T04:47:50.000Z
1331,50504,2026-08-20T21:36:32.000Z,Escalade,,2026-08-20T23:18:32.000Z
1332,50504,2026-05-02T12:59:03.000Z,Escalade,,2026-05-02T15:08:03.000Z
1333,50504,2026-06-09T05:14:32.000Z,Escalade,,2026-06-09T09:02:32.000Z
1334,50504,2026-03-21T17:54:29.000Z,Escalade,,2026-03-21T21:42:29.000Z
1335,50504,2026-07-18T21:22:29.000Z,Escalade,,2026-07-18T22:31:29.000Z
1336,50504,2026-02-06T13:40:44.000Z,Escalade,,2026-02-06T14:25:44.000Z
1337,50504,2026-08-03T15:43:36.000Z,Escalade,,2026-08-03T19:10:36.000Z
1338,50504,2026-04-17T17:15:13.000Z,Escalade,,2026-04-17T20:20:13.000Z
1339,50504,2025-11-07T06:59:42.000Z,Escalade,,2025-11-07T10:43:42.000Z
1340,50504,2026-04-06T05:42:25.000Z,Escalade,,2026-04-06T07:09:25.000Z
1341,50504,2026-07-12T08:42:11.000Z,Escalade,,2026-07-12T12:30:11.000Z
1342,50504,2026-01-03T18:08:53.000Z,Escalade,,2026-01-03T19:20:53.000Z
1343,50504,2025-11-12T21:25:56.000Z,Escalade,,2025-11-12T22:58:56.000Z
1344,50504,2026-03-23T11:58:39.000Z,Escalade,,2026-03-23T13:38:39.000Z
1345,50504,2026-02-05T05:46:08.000Z,Escalade,,2026-02-05T09:34:08.000Z
1346,50504,2026-03-06T23:08:37.000Z,Escalade,,2026-03-07T03:06:37.000Z
1347,50504,2026-08-18T05:45:03.000Z,Escalade,,2026-08-18T09:12:03.000Z
1348,50504,2026-03-23T15:09:50.000Z,Escalade,,2026-03-23T17:49:50.000Z
1349,50504,2026-04-08T17:25:11.000Z,Escalade,,2026-04-08T18:44:11.000Z
1350,50504,2026-07-09T22:00:40.000Z,Escalade,,2026-07-10T01:00:40.000Z
1351,50504,2026-09-25T05:42:18.000Z,Escalade,,2026-09-25T08:48:18.000Z
1352,50504,2026-04-02T13:15:07.000Z,Escalade,,2026-04-02T16:29:07.000Z
1353,50504,2026-06-22T16:12:30.000Z,Escalade,,2026-06-22T17:42:30.000Z
1354,50504,2026-08-09T14:37:34.000Z,Escalade,,2026-08-09T18:29:34.000Z
1355,50504,2026-02-24T10:52:54.000Z,Escalade,,2026-02-24T12:03:54.000Z
1356,50866,2026-03-08T14:14:17.000Z,Randonnée,29447.0,2026-03-08T18:30:17.000Z
1357,50866,2026-02-28T12:25:01.000Z,Randonnée,29017.0,2026-02-28T15:45:01.000Z
1358,50866,2026-08-05T13:15:00.000Z,Randonnée,6601.0,2026-08-05T18:06:00.000Z
1359,50866,2026-06-25T20:36:21.000Z,Randonnée,26934.0,2026-06-26T02:44:21.000Z
1360,50866,2026-08-20T10:01:23.000Z,Randonnée,21940.0,2026-08-20T13:34:23.000Z
1361,50866,2026-07-10T03:38:51.000Z,Randonnée,28259.0,2026-07-10T10:42:51.000Z
1362,50866,2025-12-17T10:39:50.000Z,Randonnée,19853.0,2025-12-17T13:21:50.000Z
1363,50866,2026-02-08T02:22:09.000Z,Randonnée,27872.0,2026-02-08T09:13:09.000Z
1364,50866,2026-06-06T11:14:39.000Z,Randonnée,29330.0,2026-06-06T18:17:39.000Z
1365,50866,2026-04-25T16:23:13.000Z,Randonnée,21746.0,2026-04-25T21:40:13.000Z
1366,50866,2025-11-10T19:39:17.000Z,Randonnée,23541.0,2025-11-11T02:42:17.000Z
1367,50866,2026-05-11T08:08:53.000Z,Randonnée,18407.0,2026-05-11T13:13:53.000Z
1368,50866,2026-07-14T10:38:30.000Z,Randonnée,27134.0,2026-07-14T17:23:30.000Z
1369,50866,2026-09-02T18:40:50.000Z,Randonnée,25877.0,2026-09-02T22:06:50.000Z
1370,50866,2025-11-07T08:22:36.000Z,Randonnée,3682.0,2025-11-07T13:49:36.000Z
1371,50866,2026-06-14T07:13:18.000Z,Randonnée,4528.0,2026-06-14T08:40:18.000Z
1372,50866,2026-07-29T01:41:26.000Z,Randonnée,7345.0,2026-07-29T09:05:26.000Z
1373,50866,2026-01-02T07:23:52.000Z,Randonnée,6954.0,2026-01-02T14:12:52.000Z
1374,50866,2026-07-28T14:44:27.000Z,Randonnée,10969.0,2026-07-28T21:37:27.000Z
1375,50866,2026-02-13T07:09:45.000Z,Randonnée,24979.0,2026-02-13T08:25:45.000Z
1376,50866,2026-08-30T02:40:33.000Z,Randonnée,21239.0,2026-08-30T08:55:33.000Z
1377,50866,2026-07-12T07:47:17.000Z,Randonnée,20472.0,2026-07-12T10:41:17.000Z
1378,50866,2026-04-13T10:08:27.000Z,Randonnée,24176.0,2026-04-13T13:09:27.000Z
1379,50866,2026-06-12T01:31:44.000Z,Randonnée,4268.0,2026-06-12T08:25:44.000Z
1380,50866,2026-03-07T18:40:43.000Z,Randonnée,28831.0,2026-03-07T22:58:43.000Z
1381,50866,2025-10-17T21:28:22.000Z,Randonnée,3350.0,2025-10-18T03:10:22.000Z
1382,50866,2026-05-26T00:03:15.000Z,Randonnée,26459.0,2026-05-26T02:46:15.000Z
1383,50866,2026-09-15T23:40:07.000Z,Randonnée,20112.0,2026-09-16T02:35:07.000Z
1384,50866,2026-05-13T12:08:55.000Z,Randonnée,17759.0,2026-05-13T19:34:55.000Z
1385,50866,2026-07-05T12:41:34.000Z,Randonnée,29036.0,2026-07-05T20:18:34.000Z
1386,50866,2025-12-04T21:43:45.000Z,Randonnée,29553.0,2025-12-05T02:32:45.000Z
1387,50866,2025-12-03T11:53:16.000Z,Randonnée,22847.0,2025-12-03T14:28:16.000Z
1388,50866,2025-10-12T18:44:18.000Z,Randonnée,14570.0,2025-10-12T22:57:18.000Z
1389,50866,2025-11-16T12:18:28.000Z,Randonnée,7345.0,2025-11-16T15:33:28.000Z
1390,50866,2026-02-02T09:04:06.000Z,Randonnée,15591.0,2026-02-02T10:06:06.000Z
1391,50866,2025-11-25T16:37:09.000Z,Randonnée,28073.0,2025-11-25T17:57:09.000Z
1392,50866,2026-09-24T02:25:43.000Z,Randonnée,19885.0,2026-09-24T10:01:43.000Z
1393,50955,2026-04-28T15:51:52.000Z,Rugby,,2026-04-28T17:49:52.000Z
1394,50955,2026-07-28T11:42:09.000Z,Rugby,,2026-07-28T12:36:09.000Z
1395,50955,2025-12-21T10:11:40.000Z,Rugby,,2025-12-21T12:03:40.000Z
1396,50955,2025-10-23T11:27:02.000Z,Rugby,,2025-10-23T13:18:02.000Z
1397,50955,2026-03-07T12:45:36.000Z,Rugby,,2026-03-07T13:50:36.000Z
1398,50955,2026-03-02T16:07:10.000Z,Rugby,,2026-03-02T18:00:10.000Z
1399,50955,2025-12-21T21:42:55.000Z,Rugby,,2025-12-21T23:11:55.000Z
1400,50955,2026-02-02T13:45:49.000Z,Rugby,,2026-02-02T15:12:49.000Z
1401,50955,2025-12-20T20:03:27.000Z,Rugby,,2025-12-20T21:25:27.000Z
1402,50955,2026-05-03T00:01:06.000Z,Rugby,,2026-05-03T01:46:06.000Z
1403,50955,2026-06-13T18:57:30.000Z,Rugby,,2026-06-13T19:56:30.000Z
1404,50955,2025-12-29T08:12:16.000Z,Rugby,,2025-12-29T09:54:16.000Z
1405,50955,2026-06-19T01:50:23.000Z,Rugby,,2026-06-19T02:40:23.000Z
1406,50955,2026-09-17T17:06:32.000Z,Rugby,,2026-09-17T18:39:32.000Z
1407,50955,2026-01-04T15:35:50.000Z,Rugby,,2026-01-04T17:09:50.000Z
1408,50955,2025-10-06T14:16:26.000Z,Rugby,,2025-10-06T15:37:26.000Z
1409,50955,2026-04-14T17:42:28.000Z,Rugby,,2026-04-14T19:14:28.000Z
1410,50955,2026-04-04T01:20:55.000Z,Rugby,,2026-04-04T03:02:55.000Z
1411,50955,2026-09-10T20:35:29.000Z,Rugby,,2026-09-10T21:57:29.000Z
1412,50955,2026-04-14T13:50:44.000Z,Rugby,,2026-04-14T15:16:44.000Z
1413,50955,2025-12-01T00:13:57.000Z,Rugby,,2025-12-01T01:10:57.000Z
1414,50955,2025-09-29T20:19:33.000Z,Rugby,,2025-09-29T22:12:33.000Z
1415,50955,2026-06-14T07:58:34.000Z,Rugby,,2026-06-14T09:09:34.000Z
1416,50955,2026-08-17T12:57:47.000Z,Rugby,,2026-08-17T14:36:47.000Z
1417,50955,2026-04-23T20:13:57.000Z,Rugby,,2026-04-23T21:24:57.000Z
1418,50955,2026-07-14T01:31:37.000Z,Rugby,,2026-07-14T02:25:37.000Z
1419,50955,2026-03-24T08:17:21.000Z,Rugby,,2026-03-24T09:05:21.000Z
1420,50955,2025-10-30T23:45:14.000Z,Rugby,,2025-10-31T00:34:14.000Z
1421,50955,2025-12-05T03:00:25.000Z,Rugby,,2025-12-05T03:51:25.000Z
1422,50955,2025-10-24T08:34:04.000Z,Rugby,,2025-10-24T10:30:04.000Z
1423,50955,2026-03-04T07:24:46.000Z,Rugby,,2026-03-04T08:42:46.000Z
1424,50955,2026-05-29T18:03:02.000Z,Rugby,,2026-05-29T19:45:02.000Z
1425,50955,2026-01-27T21:06:04.000Z,Rugby,,2026-01-27T22:46:04.000Z
1426,50955,2026-06-15T11:35:56.000Z,Rugby,,2026-06-15T13:09:56.000Z
1427,50955,2025-09-29T06:58:55.000Z,Rugby,,2025-09-29T08:51:55.000Z
1428,50955,2025-10-14T16:14:52.000Z,Rugby,,2025-10-14T18:13:52.000Z
1429,51866,2025-11-07T05:15:17.000Z,Running,8666.0,2025-11-07T06:39:17.000Z
1430,51866,2025-10-30T14:17:13.000Z,Running,8475.0,2025-10-30T15:54:13.000Z
1431,51866,2026-02-27T10:43:20.000Z,Running,20909.0,2026-02-27T11:51:20.000Z
1432,51866,2025-11-26T17:02:25.000Z,Running,14270.0,2025-11-26T18:22:25.000Z
1433,51866,2026-02-25T20:18:53.000Z,Running,20326.0,2026-02-25T22:13:53.000Z
1434,51866,2026-05-31T05:44:02.000Z,Running,5314.0,2026-05-31T06:41:02.000Z
1435,51866,2026-04-29T23:13:09.000Z,Running,22120.0,2026-04-29T23:34:09.000Z
1436,51866,2025-10-13T05:21:14.000Z,Running,2116.0,2025-10-13T05:56:14.000Z
1437,51866,2026-04-27T15:18:25.000Z,Running,23781.0,2026-04-27T16:46:25.000Z
1438,51866,2026-07-14T14:37:46.000Z,Running,19053.0,2026-07-14T15:23:46.000Z
1439,51866,2026-03-06T06:13:07.000Z,Running,22829.0,2026-03-06T07:00:07.000Z
1440,51866,2025-11-28T12:12:12.000Z,Running,6232.0,2025-11-28T12:50:12.000Z
1441,51866,2025-11-10T12:21:34.000Z,Running,6171.0,2025-11-10T13:05:34.000Z
1442,51866,2026-09-24T02:19:01.000Z,Running,24772.0,2026-09-24T04:15:01.000Z
1443,51866,2026-06-04T08:48:07.000Z,Running,14642.0,2026-06-04T10:07:07.000Z
1444,51866,2025-10-23T03:51:59.000Z,Running,7766.0,2025-10-23T05:36:59.000Z
1445,51866,2026-05-10T11:32:37.000Z,Running,13205.0,2026-05-10T13:24:37.000Z
1446,51866,2025-11-15T19:03:06.000Z,Running,17440.0,2025-11-15T20:08:06.000Z
1447,51866,2026-01-15T17:40:14.000Z,Running,16249.0,2026-01-15T18:12:14.000Z
1448,51866,2026-04-03T16:33:17.000Z,Running,12365.0,2026-04-03T17:33:17.000Z
1449,51866,2026-05-11T20:51:30.000Z,Running,5505.0,2026-05-11T22:39:30.000Z
1450,51866,2026-03-12T08:06:51.000Z,Running,5879.0,2026-03-12T09:06:51.000Z
1451,51866,2026-07-29T02:52:58.000Z,Running,7095.0,2026-07-29T03:43:58.000Z
1452,51866,2026-08-19T06:23:35.000Z,Running,10268.0,2026-08-19T07:18:35.000Z
1453,51866,2026-03-25T18:03:34.000Z,Running,12243.0,2026-03-25T19:24:34.000Z
1454,51866,2026-04-29T05:57:14.000Z,Running,4503.0,2026-04-29T07:19:14.000Z
1455,51866,2026-08-26T11:47:28.000Z,Running,21008.0,2026-08-26T12:42:28.000Z
1456,53673,2026-07-08T21:07:52.000Z,Voile,,2026-07-09T00:21:52.000Z
1457,53673,2026-09-08T11:01:22.000Z,Voile,,2026-09-08T12:39:22.000Z
1458,53673,2026-05-30T07:11:08.000Z,Voile,,2026-05-30T12:30:08.000Z
1459,53673,2026-05-09T19:44:47.000Z,Voile,,2026-05-10T01:41:47.000Z
1460,53673,2026-09-13T23:21:41.000Z,Voile,,2026-09-14T02:09:41.000Z
1461,53673,2026-01-06T05:07:12.000Z,Voile,,2026-01-06T10:49:12.000Z
1462,53673,2026-03-29T08:19:39.000Z,Voile,,2026-03-29T13:55:39.000Z
1463,53673,2026-02-26T10:20:59.000Z,Voile,,2026-02-26T14:27:59.000Z
1464,53673,2025-11-17T23:51:49.000Z,Voile,,2025-11-18T03:19:49.000Z
1465,53673,2026-04-13T05:23:04.000Z,Voile,,2026-04-13T10:39:04.000Z
1466,53673,2026-02-15T07:28:22.000Z,Voile,,2026-02-15T11:51:22.000Z
1467,53673,2026-06-11T08:36:40.000Z,Voile,,2026-06-11T09:41:40.000Z
1468,53673,2026-07-18T01:40:19.000Z,Voile,,2026-07-18T04:04:19.000Z
1469,53673,2026-03-19T07:04:33.000Z,Voile,,2026-03-19T09:15:33.000Z
1470,53673,2026-05-04T22:49:55.000Z,Voile,,2026-05-05T01:20:55.000Z
1471,53673,2026-09-26T17:44:52.000Z,Voile,,2026-09-26T22:51:52.000Z
1472,53673,2025-12-20T23:32:31.000Z,Voile,,2025-12-21T00:52:31.000Z
1473,53944,2026-01-07T15:59:12.000Z,Natation,2162.0,2026-01-07T16:27:12.000Z
1474,53944,2025-12-16T07:16:26.000Z,Natation,2830.0,2025-12-16T09:01:26.000Z
1475,53944,2026-03-28T09:40:51.000Z,Natation,4631.0,2026-03-28T10:49:51.000Z
1476,53944,2026-06-05T20:41:19.000Z,Natation,1958.0,2026-06-05T21:06:19.000Z
1477,53944,2026-08-15T04:52:19.000Z,Natation,1731.0,2026-08-15T06:33:19.000Z
1478,53944,2026-04-26T09:42:37.000Z,Natation,3066.0,2026-04-26T11:16:37.000Z
1479,53944,2026-02-21T00:02:53.000Z,Natation,2144.0,2026-02-21T01:45:53.000Z
1480,53944,2026-01-02T16:57:19.000Z,Natation,2193.0,2026-01-02T18:23:19.000Z
1481,53944,2026-03-03T14:43:24.000Z,Natation,2088.0,2026-03-03T16:09:24.000Z
1482,53944,2026-07-31T20:06:10.000Z,Natation,2669.0,2026-07-31T21:28:10.000Z
1483,53944,2026-09-04T13:09:18.000Z,Natation,1125.0,2026-09-04T14:33:18.000Z
1484,53944,2025-10-26T22:30:51.000Z,Natation,2815.0,2025-10-26T23:19:51.000Z
1485,53944,2025-11-24T08:20:31.000Z,Natation,1341.0,2025-11-24T09:07:31.000Z
1486,53944,2026-07-02T13:44:44.000Z,Natation,4176.0,2026-07-02T15:21:44.000Z
1487,53944,2026-08-08T00:40:36.000Z,Natation,1986.0,2026-08-08T01:53:36.000Z
1488,53944,2026-06-16T05:35:39.000Z,Natation,2655.0,2026-06-16T06:56:39.000Z
1489,53944,2025-11-28T14:55:26.000Z,Natation,3413.0,2025-11-28T16:30:26.000Z
1490,53944,2025-12-30T15:10:18.000Z,Natation,694.0,2025-12-30T15:32:18.000Z
1491,53944,2026-05-29T11:44:31.000Z,Natation,2807.0,2026-05-29T12:21:31.000Z
1492,55153,2026-01-05T07:09:15.000Z,Boxe,,2026-01-05T08:00:15.000Z
1493,55153,2026-03-03T11:07:36.000Z,Boxe,,2026-03-03T12:43:36.000Z
1494,55153,2026-08-11T23:06:06.000Z,Boxe,,2026-08-12T01:00:06.000Z
1495,55153,2025-12-20T02:47:49.000Z,Boxe,,2025-12-20T03:27:49.000Z
1496,55153,2026-03-29T01:53:30.000Z,Boxe,,2026-03-29T03:40:30.000Z
1497,55153,2025-12-21T04:37:08.000Z,Boxe,,2025-12-21T05:28:08.000Z
1498,55153,2025-11-21T10:10:24.000Z,Boxe,,2025-11-21T11:56:24.000Z
1499,55153,2026-06-10T04:22:19.000Z,Boxe,,2026-06-10T06:11:19.000Z
1500,56263,2026-07-05T05:54:36.000Z,Boxe,,2026-07-05T06:45:36.000Z
1501,56263,2026-05-16T16:05:38.000Z,Boxe,,2026-05-16T17:33:38.000Z
1502,56263,2026-02-20T21:11:07.000Z,Boxe,,2026-02-20T22:10:07.000Z
1503,56263,2025-11-08T03:56:48.000Z,Boxe,,2025-11-08T04:42:48.000Z
1504,56263,2026-04-18T00:01:22.000Z,Boxe,,2026-04-18T00:56:22.000Z
1505,56263,2026-03-09T00:46:23.000Z,Boxe,,2026-03-09T02:43:23.000Z
1506,56263,2025-11-03T09:34:04.000Z,Boxe,,2025-11-03T11:21:04.000Z
1507,56263,2026-09-12T03:35:51.000Z,Boxe,,2026-09-12T05:05:51.000Z
1508,56263,2026-04-10T11:22:05.000Z,Boxe,,2026-04-10T13:00:05.000Z
1509,56263,2026-04-02T06:48:40.000Z,Boxe,,2026-04-02T07:29:40.000Z
1510,56263,2026-04-24T10:30:34.000Z,Boxe,,2026-04-24T12:17:34.000Z
1511,56263,2026-06-06T03:16:42.000Z,Boxe,,2026-06-06T05:12:42.000Z
1512,56263,2026-03-09T09:03:33.000Z,Boxe,,2026-03-09T10:39:33.000Z
1513,56263,2026-06-24T22:30:08.000Z,Boxe,,2026-06-24T23:05:08.000Z
1514,56263,2025-12-25T02:58:00.000Z,Boxe,,2025-12-25T04:22:00.000Z
1515,56263,2026-02-10T03:03:46.000Z,Boxe,,2026-02-10T04:21:46.000Z
1516,56263,2025-11-17T23:52:51.000Z,Boxe,,2025-11-18T01:16:51.000Z
1517,56263,2026-07-21T10:19:20.000Z,Boxe,,2026-07-21T11:50:20.000Z
1518,56263,2026-01-15T00:14:12.000Z,Boxe,,2026-01-15T00:54:12.000Z
1519,56263,2026-01-05T02:54:59.000Z,Boxe,,2026-01-05T04:16:59.000Z
1520,56263,2026-06-29T09:44:46.000Z,Boxe,,2026-06-29T10:14:46.000Z
1521,56482,2025-11-11T18:14:31.000Z,Tennis,,2025-11-11T21:12:31.000Z
1522,56482,2026-02-19T15:31:54.000Z,Tennis,,2026-02-19T16:17:54.000Z
1523,56482,2026-03-04T18:42:44.000Z,Tennis,,2026-03-04T20:47:44.000Z
1524,56482,2025-11-26T02:38:27.000Z,Tennis,,2025-11-26T03:50:27.000Z
1525,56482,2026-01-06T11:31:10.000Z,Tennis,,2026-01-06T13:20:10.000Z
1526,56482,2026-05-04T07:06:29.000Z,Tennis,,2026-05-04T09:39:29.000Z
1527,56482,2026-06-18T07:42:17.000Z,Tennis,,2026-06-18T09:37:17.000Z
1528,56482,2026-03-06T11:33:56.000Z,Tennis,,2026-03-06T13:10:56.000Z
1529,56482,2025-12-05T09:47:14.000Z,Tennis,,2025-12-05T12:35:14.000Z
1530,56482,2026-01-03T13:22:44.000Z,Tennis,,2026-01-03T16:10:44.000Z
1531,56482,2026-07-24T16:00:56.000Z,Tennis,,2026-07-24T18:13:56.000Z
1532,56482,2026-08-25T01:10:03.000Z,Tennis,,2026-08-25T02:30:03.000Z
1533,56482,2026-03-19T10:33:57.000Z,Tennis,,2026-03-19T12:16:57.000Z
1534,56482,2025-12-19T06:53:41.000Z,Tennis,,2025-12-19T08:03:41.000Z
1535,56482,2026-07-29T06:48:25.000Z,Tennis,,2026-07-29T09:15:25.000Z
1536,56482,2025-11-28T10:11:12.000Z,Tennis,,2025-11-28T11:09:12.000Z
1537,56482,2026-08-05T09:15:57.000Z,Tennis,,2026-08-05T10:01:57.000Z
1538,56482,2026-03-29T04:16:13.000Z,Tennis,,2026-03-29T05:38:13.000Z
1539,56482,2025-10-21T21:16:23.000Z,Tennis,,2025-10-21T22:23:23.000Z
1540,56482,2026-02-18T00:26:02.000Z,Tennis,,2026-02-18T02:07:02.000Z
1541,56482,2026-07-05T08:46:48.000Z,Tennis,,2026-07-05T09:40:48.000Z
1542,56482,2026-05-23T10:34:26.000Z,Tennis,,2026-05-23T13:01:26.000Z
1543,56482,2026-06-30T08:38:49.000Z,Tennis,,2026-06-30T10:36:49.000Z
1544,56482,2026-06-02T15:56:51.000Z,Tennis,,2026-06-02T17:25:51.000Z
1545,56482,2025-10-01T03:49:41.000Z,Tennis,,2025-10-01T06:26:41.000Z
1546,56482,2026-01-16T01:46:26.000Z,Tennis,,2026-01-16T04:43:26.000Z
1547,56482,2026-07-28T11:01:53.000Z,Tennis,,2026-07-28T11:54:53.000Z
1548,56482,2026-06-25T06:01:24.000Z,Tennis,,2026-06-25T08:58:24.000Z
1549,56482,2026-06-15T18:21:45.000Z,Tennis,,2026-06-15T19:49:45.000Z
1550,56482,2025-12-28T22:02:00.000Z,Tennis,,2025-12-29T00:19:00.000Z
1551,56482,2025-10-30T17:26:01.000Z,Tennis,,2025-10-30T18:51:01.000Z
1552,56482,2026-02-11T03:23:18.000Z,Tennis,,2026-02-11T05:50:18.000Z
1553,56482,2026-05-12T14:39:47.000Z,Tennis,,2026-05-12T17:07:47.000Z
1554,56482,2025-10-02T23:13:34.000Z,Tennis,,2025-10-03T02:10:34.000Z
1555,56482,2026-04-28T10:34:29.000Z,Tennis,,2026-04-28T11:42:29.000Z
1556,56482,2026-02-08T22:42:09.000Z,Tennis,,2026-02-09T00:56:09.000Z
1557,56482,2026-05-20T11:42:59.000Z,Tennis,,2026-05-20T13:24:59.000Z
1558,56482,2026-09-23T01:33:39.000Z,Tennis,,2026-09-23T04:14:39.000Z
1559,56482,2026-01-06T09:41:54.000Z,Tennis,,2026-01-06T10:27:54.000Z
1560,56482,2026-04-11T14:28:51.000Z,Tennis,,2026-04-11T16:57:51.000Z
1561,56482,2026-04-10T09:52:35.000Z,Tennis,,2026-04-10T10:55:35.000Z
1562,56530,2026-08-04T19:57:50.000Z,Running,13806.0,2026-08-04T20:31:50.000Z
1563,56530,2026-08-08T19:04:57.000Z,Running,20248.0,2026-08-08T20:32:57.000Z
1564,56530,2026-03-17T22:54:10.000Z,Running,24219.0,2026-03-18T00:42:10.000Z
1565,56530,2025-12-30T11:28:15.000Z,Running,19422.0,2025-12-30T13:26:15.000Z
1566,56530,2026-03-24T22:13:32.000Z,Running,22620.0,2026-03-25T00:00:32.000Z
1567,56530,2025-11-11T03:41:56.000Z,Running,7930.0,2025-11-11T05:02:56.000Z
1568,56530,2026-07-30T06:48:24.000Z,Running,24867.0,2026-07-30T08:29:24.000Z
1569,56530,2026-03-06T04:05:19.000Z,Running,23975.0,2026-03-06T05:05:19.000Z
1570,56530,2025-09-30T18:37:36.000Z,Running,18119.0,2025-09-30T20:05:36.000Z
1571,56530,2026-01-16T13:43:58.000Z,Running,4139.0,2026-01-16T14:34:58.000Z
1572,56530,2026-04-30T08:47:40.000Z,Running,23422.0,2026-04-30T09:16:40.000Z
1573,56530,2026-02-11T07:12:44.000Z,Running,7027.0,2026-02-11T08:12:44.000Z
1574,56530,2026-07-13T18:40:49.000Z,Running,17711.0,2026-07-13T19:23:49.000Z
1575,56530,2026-07-10T06:23:02.000Z,Running,6592.0,2026-07-10T07:46:02.000Z
1576,56530,2025-12-16T07:18:59.000Z,Running,7272.0,2025-12-16T08:11:59.000Z
1577,56530,2026-02-12T06:24:56.000Z,Running,5588.0,2026-02-12T08:03:56.000Z
1578,56530,2026-09-19T08:46:30.000Z,Running,3805.0,2026-09-19T09:21:30.000Z
1579,56530,2025-09-29T13:44:13.000Z,Running,19578.0,2025-09-29T15:22:13.000Z
1580,56530,2026-08-22T08:01:53.000Z,Running,13093.0,2026-08-22T08:26:53.000Z
1581,56530,2026-09-10T19:05:46.000Z,Running,24663.0,2026-09-10T20:28:46.000Z
1582,56530,2025-12-07T00:29:21.000Z,Running,24641.0,2025-12-07T01:51:21.000Z
1583,56530,2026-02-28T12:30:20.000Z,Running,7108.0,2026-02-28T13:25:20.000Z
1584,56530,2026-04-19T04:12:34.000Z,Running,20383.0,2026-04-19T04:38:34.000Z
1585,56530,2025-10-09T15:30:21.000Z,Running,13557.0,2025-10-09T16:59:21.000Z
1586,56530,2026-07-25T07:56:56.000Z,Running,6020.0,2026-07-25T09:43:56.000Z
1587,56530,2026-04-16T06:01:19.000Z,Running,12582.0,2026-04-16T07:50:19.000Z
1588,56632,2026-02-21T08:31:31.000Z,Voile,,2026-02-21T11:18:31.000Z
1589,56632,2026-02-14T10:22:40.000Z,Voile,,2026-02-14T14:08:40.000Z
1590,56632,2026-04-28T00:58:53.000Z,Voile,,2026-04-28T03:33:53.000Z
1591,56632,2026-01-09T15:04:00.000Z,Voile,,2026-01-09T18:05:00.000Z
1592,56632,2026-02-16T02:39:37.000Z,Voile,,2026-02-16T06:34:37.000Z
1593,57589,2025-12-17T18:18:17.000Z,Running,11639.0,2025-12-17T19:32:17.000Z
1594,57589,2026-08-24T18:53:46.000Z,Running,11214.0,2026-08-24T19:59:46.000Z
1595,57589,2026-05-06T21:55:28.000Z,Running,5016.0,2026-05-06T22:38:28.000Z
1596,57589,2026-07-03T22:29:13.000Z,Running,8209.0,2026-07-03T23:01:13.000Z
1597,57589,2026-03-13T20:34:14.000Z,Running,21695.0,2026-03-13T22:05:14.000Z
1598,57589,2026-08-03T16:53:22.000Z,Running,24060.0,2026-08-03T17:31:22.000Z
1599,57589,2026-08-05T21:22:24.000Z,Running,2224.0,2026-08-05T22:42:24.000Z
1600,57589,2025-11-18T05:22:00.000Z,Running,24898.0,2025-11-18T06:45:00.000Z
1601,57589,2026-07-03T20:06:32.000Z,Running,9262.0,2026-07-03T21:34:32.000Z
1602,57589,2026-01-02T11:14:51.000Z,Running,14929.0,2026-01-02T12:12:51.000Z
1603,57589,2025-11-04T10:30:43.000Z,Running,17882.0,2025-11-04T11:40:43.000Z
1604,57589,2026-08-09T01:20:03.000Z,Running,7849.0,2026-08-09T02:07:03.000Z
1605,57589,2026-07-13T04:06:42.000Z,Running,9697.0,2026-07-13T05:23:42.000Z
1606,57589,2026-05-02T14:50:27.000Z,Running,14822.0,2026-05-02T15:56:27.000Z
1607,57589,2025-10-04T16:52:43.000Z,Running,11471.0,2025-10-04T17:56:43.000Z
1608,57589,2026-05-20T04:22:39.000Z,Running,6576.0,2026-05-20T06:08:39.000Z
1609,57589,2026-07-27T01:00:28.000Z,Running,8546.0,2026-07-27T01:42:28.000Z
1610,57589,2026-04-13T05:41:16.000Z,Running,13212.0,2026-04-13T07:27:16.000Z
1611,57589,2026-02-21T23:50:20.000Z,Running,16114.0,2026-02-22T00:20:20.000Z
1612,57589,2025-11-22T06:05:03.000Z,Running,21970.0,2025-11-22T07:45:03.000Z
1613,57589,2026-05-30T03:53:40.000Z,Running,16083.0,2026-05-30T05:06:40.000Z
1614,57589,2025-10-27T17:22:35.000Z,Running,5726.0,2025-10-27T17:51:35.000Z
1615,57589,2026-01-28T01:31:09.000Z,Running,17019.0,2026-01-28T02:31:09.000Z
1616,57589,2026-06-04T08:31:13.000Z,Running,11095.0,2026-06-04T10:08:13.000Z
1617,57589,2026-08-28T01:56:21.000Z,Running,23592.0,2026-08-28T03:55:21.000Z
1618,57589,2026-03-06T18:39:27.000Z,Running,5848.0,2026-03-06T19:56:27.000Z
1619,57589,2026-07-06T15:19:50.000Z,Running,7396.0,2026-07-06T15:55:50.000Z
1620,57589,2026-06-26T02:58:07.000Z,Running,19244.0,2026-06-26T04:53:07.000Z
1621,57589,2026-02-28T04:43:59.000Z,Running,4369.0,2026-02-28T05:24:59.000Z
1622,57589,2026-04-27T23:46:22.000Z,Running,3238.0,2026-04-28T01:06:22.000Z
1623,57589,2026-07-21T02:16:58.000Z,Running,24908.0,2026-07-21T03:43:58.000Z
1624,57589,2026-05-25T01:07:47.000Z,Running,5571.0,2026-05-25T02:00:47.000Z
1625,57589,2025-12-25T01:45:08.000Z,Running,7690.0,2025-12-25T02:44:08.000Z
1626,57589,2026-05-28T07:13:23.000Z,Running,4907.0,2026-05-28T08:29:23.000Z
1627,57589,2025-10-08T02:18:13.000Z,Running,2809.0,2025-10-08T02:59:13.000Z
1628,57589,2026-08-28T15:18:40.000Z,Running,12952.0,2026-08-28T16:19:40.000Z
1629,59040,2026-03-18T18:15:19.000Z,Judo,,2026-03-18T19:55:19.000Z
1630,59040,2026-04-24T10:31:28.000Z,Judo,,2026-04-24T12:30:28.000Z
1631,59040,2026-05-17T01:53:18.000Z,Judo,,2026-05-17T03:38:18.000Z
1632,59040,2026-07-14T20:21:43.000Z,Judo,,2026-07-14T22:11:43.000Z
1633,59040,2026-06-02T11:14:32.000Z,Judo,,2026-06-02T12:51:32.000Z
1634,59040,2026-09-14T23:46:40.000Z,Judo,,2026-09-15T00:55:40.000Z
1635,59040,2026-04-24T14:04:17.000Z,Judo,,2026-04-24T15:35:17.000Z
1636,59040,2026-03-17T14:26:11.000Z,Judo,,2026-03-17T15:07:11.000Z
1637,59040,2026-03-06T02:01:04.000Z,Judo,,2026-03-06T03:17:04.000Z
1638,59040,2026-01-22T21:30:16.000Z,Judo,,2026-01-22T22:19:16.000Z
1639,59040,2026-04-18T05:39:39.000Z,Judo,,2026-04-18T06:09:39.000Z
1640,59040,2026-01-16T08:49:04.000Z,Judo,,2026-01-16T10:03:04.000Z
1641,59040,2025-09-30T05:31:15.000Z,Judo,,2025-09-30T07:09:15.000Z
1642,59040,2026-01-21T08:34:20.000Z,Judo,,2026-01-21T10:05:20.000Z
1643,59040,2026-08-02T21:34:14.000Z,Judo,,2026-08-02T22:59:14.000Z
1644,59040,2025-12-25T19:05:01.000Z,Judo,,2025-12-25T20:51:01.000Z
1645,59040,2026-02-19T02:36:48.000Z,Judo,,2026-02-19T04:16:48.000Z
1646,59040,2026-09-04T14:20:47.000Z,Judo,,2026-09-04T15:42:47.000Z
1647,59040,2026-02-27T07:21:21.000Z,Judo,,2026-02-27T08:46:21.000Z
1648,59040,2026-07-01T15:42:17.000Z,Judo,,2026-07-01T16:32:17.000Z
1649,59040,2025-12-21T16:04:13.000Z,Judo,,2025-12-21T17:22:13.000Z
1650,59040,2026-03-09T23:33:22.000Z,Judo,,2026-03-10T00:13:22.000Z
1651,60358,2026-08-03T16:09:32.000Z,Natation,4595.0,2026-08-03T18:06:32.000Z
1652,60358,2026-06-05T20:03:27.000Z,Natation,3843.0,2026-06-05T20:59:27.000Z
1653,60358,2025-12-09T00:17:34.000Z,Natation,4341.0,2025-12-09T01:29:34.000Z
1654,60358,2026-01-17T11:13:25.000Z,Natation,997.0,2026-01-17T11:50:25.000Z
1655,60358,2026-03-21T20:05:47.000Z,Natation,1725.0,2026-03-21T21:44:47.000Z
1656,60358,2026-01-29T12:36:58.000Z,Natation,587.0,2026-01-29T13:20:58.000Z
1657,60358,2025-10-05T14:16:29.000Z,Natation,1337.0,2025-10-05T15:44:29.000Z
1658,60358,2026-01-09T13:04:49.000Z,Natation,1063.0,2026-01-09T14:00:49.000Z
1659,60358,2025-09-30T04:28:03.000Z,Natation,1548.0,2025-09-30T06:21:03.000Z
1660,60358,2026-04-06T16:29:41.000Z,Natation,1477.0,2026-04-06T16:50:41.000Z
1661,60358,2026-07-29T03:29:27.000Z,Natation,4098.0,2026-07-29T04:28:27.000Z
1662,60358,2026-06-24T15:54:11.000Z,Natation,4061.0,2026-06-24T17:13:11.000Z
1663,60358,2026-08-20T14:25:16.000Z,Natation,3878.0,2026-08-20T14:55:16.000Z
1664,60358,2026-01-08T11:59:36.000Z,Natation,3990.0,2026-01-08T12:26:36.000Z
1665,60358,2026-03-28T14:05:08.000Z,Natation,1317.0,2026-03-28T15:34:08.000Z
1666,60358,2026-08-14T15:52:07.000Z,Natation,557.0,2026-08-14T17:00:07.000Z
1667,60358,2026-07-23T12:20:27.000Z,Natation,4887.0,2026-07-23T13:29:27.000Z
1668,60358,2025-10-10T00:20:18.000Z,Natation,1396.0,2025-10-10T02:14:18.000Z
1669,60358,2026-06-12T15:38:36.000Z,Natation,4920.0,2026-06-12T17:04:36.000Z
1670,60358,2026-06-18T15:30:09.000Z,Natation,4825.0,2026-06-18T16:39:09.000Z
1671,60358,2026-05-29T08:14:09.000Z,Natation,3777.0,2026-05-29T08:54:09.000Z
1672,60358,2025-11-13T10:26:29.000Z,Natation,1640.0,2025-11-13T11:52:29.000Z
1673,60358,2026-02-13T23:25:11.000Z,Natation,4494.0,2026-02-14T00:10:11.000Z
1674,60358,2025-12-27T15:21:39.000Z,Natation,3348.0,2025-12-27T15:55:39.000Z
1675,60358,2025-11-30T23:54:41.000Z,Natation,4075.0,2025-12-01T00:15:41.000Z
1676,60358,2026-07-30T11:21:11.000Z,Natation,1594.0,2026-07-30T12:31:11.000Z
1677,60358,2026-07-28T06:31:06.000Z,Natation,3608.0,2026-07-28T08:05:06.000Z
1678,60358,2026-07-23T08:20:55.000Z,Natation,903.0,2026-07-23T09:27:55.000Z
1679,60358,2025-11-01T11:55:27.000Z,Natation,3587.0,2025-11-01T13:18:27.000Z
1680,60358,2026-05-27T18:39:20.000Z,Natation,770.0,2026-05-27T20:36:20.000Z
1681,60358,2025-11-25T18:37:25.000Z,Natation,3656.0,2025-11-25T20:19:25.000Z
1682,60358,2026-04-04T11:01:30.000Z,Natation,1547.0,2026-04-04T11:37:30.000Z
1683,60358,2026-06-04T08:32:09.000Z,Natation,3905.0,2026-06-04T10:32:09.000Z
1684,60358,2025-12-10T22:34:01.000Z,Natation,596.0,2025-12-11T00:27:01.000Z
1685,60358,2026-07-05T07:53:22.000Z,Natation,1106.0,2026-07-05T08:58:22.000Z
1686,60358,2026-06-28T10:13:53.000Z,Natation,2469.0,2026-06-28T11:35:53.000Z
1687,60358,2026-06-24T16:51:46.000Z,Natation,2705.0,2026-06-24T18:20:46.000Z
1688,60358,2026-02-09T00:28:10.000Z,Natation,1957.0,2026-02-09T01:57:10.000Z
1689,60948,2026-09-17T03:30:55.000Z,Running,21793.0,2026-09-17T05:06:55.000Z
1690,60948,2026-04-21T06:33:34.000Z,Running,5566.0,2026-04-21T07:01:34.000Z
1691,60948,2026-04-25T08:08:00.000Z,Running,10444.0,2026-04-25T09:01:00.000Z
1692,60948,2026-06-01T18:50:02.000Z,Running,13637.0,2026-06-01T20:49:02.000Z
1693,60948,2026-05-25T16:20:42.000Z,Running,21707.0,2026-05-25T16:42:42.000Z
1694,60948,2026-07-04T00:14:25.000Z,Running,3457.0,2026-07-04T01:15:25.000Z
1695,60948,2025-12-09T17:42:41.000Z,Running,14054.0,2025-12-09T18:51:41.000Z
1696,60948,2026-04-29T04:03:09.000Z,Running,5545.0,2026-04-29T06:01:09.000Z
1697,60948,2026-03-05T03:39:18.000Z,Running,16741.0,2026-03-05T04:40:18.000Z
1698,60948,2026-04-18T04:34:56.000Z,Running,17154.0,2026-04-18T05:06:56.000Z
1699,60948,2025-12-05T09:02:03.000Z,Running,22090.0,2025-12-05T09:38:03.000Z
1700,60948,2026-04-03T11:58:44.000Z,Running,6407.0,2026-04-03T12:31:44.000Z
1701,60948,2026-06-03T05:33:32.000Z,Running,21235.0,2026-06-03T07:06:32.000Z
1702,60948,2026-05-27T07:49:35.000Z,Running,18130.0,2026-05-27T09:16:35.000Z
1703,60948,2026-02-16T06:40:01.000Z,Running,7077.0,2026-02-16T07:06:01.000Z
1704,60948,2026-09-23T06:11:42.000Z,Running,23184.0,2026-09-23T06:32:42.000Z
1705,60948,2026-03-27T18:37:38.000Z,Running,20423.0,2026-03-27T19:07:38.000Z
1706,60948,2026-05-01T17:07:20.000Z,Running,19100.0,2026-05-01T18:13:20.000Z
1707,60948,2026-08-01T10:56:33.000Z,Running,18294.0,2026-08-01T12:03:33.000Z
1708,60948,2025-10-12T18:54:53.000Z,Running,18889.0,2025-10-12T20:21:53.000Z
1709,60948,2025-12-19T20:20:03.000Z,Running,24093.0,2025-12-19T20:49:03.000Z
1710,60948,2026-07-05T15:05:32.000Z,Running,7313.0,2026-07-05T15:37:32.000Z
1711,66386,2026-04-19T08:27:54.000Z,Badminton,,2026-04-19T09:21:54.000Z
1712,66386,2026-05-27T20:27:06.000Z,Badminton,,2026-05-27T22:09:06.000Z
1713,66386,2026-07-14T22:59:51.000Z,Badminton,,2026-07-15T00:40:51.000Z
1714,66386,2026-07-13T18:14:02.000Z,Badminton,,2026-07-13T19:37:02.000Z
1715,66386,2026-05-08T21:57:46.000Z,Badminton,,2026-05-08T23:48:46.000Z
1716,66386,2026-03-24T03:35:08.000Z,Badminton,,2026-03-24T05:31:08.000Z
1717,66386,2025-11-30T18:46:31.000Z,Badminton,,2025-11-30T19:29:31.000Z
1718,66386,2026-03-01T22:47:02.000Z,Badminton,,2026-03-02T00:27:02.000Z
1719,66386,2026-06-09T08:38:28.000Z,Badminton,,2026-06-09T09:51:28.000Z
1720,66386,2026-05-17T23:37:11.000Z,Badminton,,2026-05-18T01:15:11.000Z
1721,66386,2026-09-12T11:46:10.000Z,Badminton,,2026-09-12T13:01:10.000Z
1722,66386,2026-01-31T01:59:44.000Z,Badminton,,2026-01-31T03:39:44.000Z
1723,66386,2026-07-20T18:42:52.000Z,Badminton,,2026-07-20T20:04:52.000Z
1724,66386,2026-05-21T06:49:25.000Z,Badminton,,2026-05-21T08:00:25.000Z
1725,66386,2026-04-26T21:36:18.000Z,Badminton,,2026-04-26T23:18:18.000Z
1726,66386,2026-07-21T08:55:04.000Z,Badminton,,2026-07-21T10:13:04.000Z
1727,66386,2026-02-13T19:31:22.000Z,Badminton,,2026-02-13T20:33:22.000Z
1728,66882,2025-09-27T01:49:24.000Z,Judo,,2025-09-27T03:09:24.000Z
1729,66882,2026-05-16T08:54:43.000Z,Judo,,2026-05-16T10:00:43.000Z
1730,66882,2025-11-18T11:05:24.000Z,Judo,,2025-11-18T12:41:24.000Z
1731,66882,2026-01-21T15:18:55.000Z,Judo,,2026-01-21T15:48:55.000Z
1732,66882,2026-08-25T07:53:32.000Z,Judo,,2026-08-25T08:50:32.000Z
1733,66882,2026-07-23T15:06:58.000Z,Judo,,2026-07-23T15:38:58.000Z
1734,66882,2026-04-13T13:23:44.000Z,Judo,,2026-04-13T15:03:44.000Z
1735,66882,2026-09-21T14:13:21.000Z,Judo,,2026-09-21T15:56:21.000Z
1736,66882,2025-10-11T15:43:40.000Z,Judo,,2025-10-11T16:25:40.000Z
1737,66882,2025-11-26T15:01:25.000Z,Judo,,2025-11-26T16:16:25.000Z
1738,66882,2026-02-16T13:27:37.000Z,Judo,,2026-02-16T14:30:37.000Z
1739,66882,2026-01-04T12:21:56.000Z,Judo,,2026-01-04T13:20:56.000Z
1740,66882,2026-05-06T13:19:32.000Z,Judo,,2026-05-06T14:00:32.000Z
1741,66882,2026-09-18T11:16:42.000Z,Judo,,2026-09-18T12:58:42.000Z
1742,66882,2026-07-05T00:15:33.000Z,Judo,,2026-07-05T00:54:33.000Z
1743,66882,2025-12-03T03:34:04.000Z,Judo,,2025-12-03T05:05:04.000Z
1744,66882,2026-06-26T23:01:01.000Z,Judo,,2026-06-27T00:59:01.000Z
1745,66882,2026-06-03T10:14:49.000Z,Judo,,2026-06-03T12:00:49.000Z
1746,66882,2026-07-07T19:27:01.000Z,Judo,,2026-07-07T20:01:01.000Z
1747,66882,2026-07-26T23:15:47.000Z,Judo,,2026-07-26T23:55:47.000Z
1748,66882,2026-02-09T02:56:40.000Z,Judo,,2026-02-09T04:08:40.000Z
1749,66882,2026-09-23T06:31:18.000Z,Judo,,2026-09-23T07:54:18.000Z
1750,66882,2026-07-14T08:52:12.000Z,Judo,,2026-07-14T09:51:12.000Z
1751,66882,2026-07-25T22:04:00.000Z,Judo,,2026-07-25T23:55:00.000Z
1752,66882,2026-01-23T08:47:13.000Z,Judo,,2026-01-23T09:23:13.000Z
1753,66882,2026-01-29T00:14:45.000Z,Judo,,2026-01-29T00:49:45.000Z
1754,66882,2025-11-24T02:11:12.000Z,Judo,,2025-11-24T03:53:12.000Z
1755,66882,2026-06-24T23:40:30.000Z,Judo,,2026-06-25T01:14:30.000Z
1756,66882,2025-10-16T14:52:43.000Z,Judo,,2025-10-16T15:41:43.000Z
1757,66882,2026-07-16T08:58:45.000Z,Judo,,2026-07-16T10:25:45.000Z
1758,66882,2025-12-22T05:59:17.000Z,Judo,,2025-12-22T06:40:17.000Z
1759,66882,2026-07-29T09:29:01.000Z,Judo,,2026-07-29T10:36:01.000Z
1760,66882,2025-11-17T08:05:28.000Z,Judo,,2025-11-17T08:53:28.000Z
1761,67121,2026-05-06T22:12:44.000Z,Rugby,,2026-05-06T23:57:44.000Z
1762,67121,2026-03-01T00:43:57.000Z,Rugby,,2026-03-01T02:38:57.000Z
1763,67121,2026-02-28T18:32:28.000Z,Rugby,,2026-02-28T19:27:28.000Z
1764,67121,2026-07-24T12:34:22.000Z,Rugby,,2026-07-24T14:14:22.000Z
1765,67121,2026-04-01T18:31:21.000Z,Rugby,,2026-04-01T19:33:21.000Z
1766,67121,2026-04-04T11:11:42.000Z,Rugby,,2026-04-04T12:21:42.000Z
1767,67121,2025-12-12T03:46:40.000Z,Rugby,,2025-12-12T05:44:40.000Z
1768,67121,2025-12-31T15:10:39.000Z,Rugby,,2025-12-31T17:02:39.000Z
1769,67121,2026-01-08T09:41:45.000Z,Rugby,,2026-01-08T10:35:45.000Z
1770,67121,2026-06-19T22:13:13.000Z,Rugby,,2026-06-19T23:39:13.000Z
1771,69938,2026-03-06T14:51:50.000Z,Randonnée,14436.0,2026-03-06T21:34:50.000Z
1772,69938,2026-01-29T13:29:53.000Z,Randonnée,12302.0,2026-01-29T16:06:53.000Z
1773,69938,2026-01-23T09:07:03.000Z,Randonnée,7570.0,2026-01-23T16:41:03.000Z
1774,69938,2026-08-12T01:43:06.000Z,Randonnée,29734.0,2026-08-12T07:58:06.000Z
1775,69938,2025-11-22T15:07:36.000Z,Randonnée,14893.0,2025-11-22T21:26:36.000Z
1776,69938,2026-06-20T04:00:39.000Z,Randonnée,13093.0,2026-06-20T06:42:39.000Z
1777,69938,2026-07-11T05:24:01.000Z,Randonnée,4473.0,2026-07-11T07:21:01.000Z
1778,69938,2026-01-16T17:25:09.000Z,Randonnée,3371.0,2026-01-17T01:24:09.000Z
1779,69938,2026-03-20T18:52:40.000Z,Randonnée,15722.0,2026-03-20T22:28:40.000Z
1780,69938,2026-07-11T09:25:15.000Z,Randonnée,17526.0,2026-07-11T12:12:15.000Z
1781,69938,2026-04-18T05:11:29.000Z,Randonnée,23260.0,2026-04-18T10:50:29.000Z
1782,69938,2026-05-26T23:10:20.000Z,Randonnée,22708.0,2026-05-27T04:17:20.000Z
1783,70575,2026-06-13T12:38:24.000Z,Randonnée,3496.0,2026-06-13T19:35:24.000Z
1784,70575,2026-01-04T05:01:32.000Z,Randonnée,7599.0,2026-01-04T06:23:32.000Z
1785,70575,2026-07-30T11:46:11.000Z,Randonnée,21806.0,2026-07-30T14:28:11.000Z
1786,70575,2026-03-26T13:44:56.000Z,Randonnée,20678.0,2026-03-26T15:11:56.000Z
1787,70575,2026-02-24T22:26:07.000Z,Randonnée,20830.0,2026-02-25T00:00:07.000Z
1788,70575,2025-10-04T09:49:22.000Z,Randonnée,10897.0,2025-10-04T11:44:22.000Z
1789,70575,2026-02-21T20:23:32.000Z,Randonnée,16731.0,2026-02-21T23:21:32.000Z
1790,70575,2026-04-03T05:22:43.000Z,Randonnée,26403.0,2026-04-03T09:03:43.000Z
1791,70575,2025-12-08T09:32:09.000Z,Randonnée,8370.0,2025-12-08T11:17:09.000Z
1792,70575,2026-09-21T18:12:27.000Z,Randonnée,22237.0,2026-09-21T23:59:27.000Z
1793,70575,2026-09-20T04:10:49.000Z,Randonnée,17294.0,2026-09-20T07:16:49.000Z
1794,70575,2026-02-26T18:45:07.000Z,Randonnée,23099.0,2026-02-26T23:55:07.000Z
1795,70575,2026-06-19T18:14:38.000Z,Randonnée,12502.0,2026-06-19T22:11:38.000Z
1796,70575,2026-04-09T16:00:08.000Z,Randonnée,10449.0,2026-04-09T19:00:08.000Z
1797,70575,2026-01-05T01:44:44.000Z,Randonnée,26724.0,2026-01-05T08:04:44.000Z
1798,70575,2026-01-13T19:35:45.000Z,Randonnée,9091.0,2026-01-14T01:19:45.000Z
1799,70575,2026-06-09T03:02:52.000Z,Randonnée,6706.0,2026-06-09T07:23:52.000Z
1800,70575,2026-06-17T07:22:13.000Z,Randonnée,19536.0,2026-06-17T12:48:13.000Z
1801,70575,2025-12-29T08:19:30.000Z,Randonnée,18468.0,2025-12-29T12:52:30.000Z
1802,70575,2026-09-15T07:20:54.000Z,Randonnée,19345.0,2026-09-15T10:59:54.000Z
1803,70575,2025-11-17T04:12:19.000Z,Randonnée,8582.0,2025-11-17T09:49:19.000Z
1804,70575,2026-04-25T05:47:00.000Z,Randonnée,21469.0,2026-04-25T11:44:00.000Z
1805,70575,2026-01-25T00:04:25.000Z,Randonnée,21590.0,2026-01-25T02:14:25.000Z
1806,70575,2026-03-13T00:29:23.000Z,Randonnée,29884.0,2026-03-13T02:38:23.000Z
1807,70575,2026-09-24T08:28:09.000Z,Randonnée,18251.0,2026-09-24T15:03:09.000Z
1808,70575,2025-10-23T08:04:21.000Z,Randonnée,18048.0,2025-10-23T11:46:21.000Z
1809,70575,2026-01-28T08:13:26.000Z,Randonnée,25667.0,2026-01-28T10:47:26.000Z
1810,70575,2025-10-08T10:48:16.000Z,Randonnée,23667.0,2025-10-08T18:00:16.000Z
1811,70575,2026-01-22T19:24:33.000Z,Randonnée,14961.0,2026-01-22T23:54:33.000Z
1812,70575,2026-07-26T13:48:42.000Z,Randonnée,8074.0,2026-07-26T16:05:42.000Z
1813,70575,2025-10-07T04:11:06.000Z,Randonnée,23586.0,2025-10-07T06:45:06.000Z
1814,70575,2026-05-05T05:13:28.000Z,Randonnée,19534.0,2026-05-05T11:23:28.000Z
1815,70575,2026-06-20T22:49:34.000Z,Randonnée,3704.0,2026-06-21T01:47:34.000Z
1816,70575,2026-07-26T20:30:26.000Z,Randonnée,15868.0,2026-07-27T03:22:26.000Z
1817,70575,2026-03-28T01:11:32.000Z,Randonnée,22225.0,2026-03-28T07:20:32.000Z
1818,70575,2026-08-23T22:25:19.000Z,Randonnée,13461.0,2026-08-24T00:59:19.000Z
1819,70575,2025-11-29T14:35:58.000Z,Randonnée,8218.0,2025-11-29T16:45:58.000Z
1820,70575,2026-07-20T22:01:06.000Z,Randonnée,29158.0,2026-07-21T02:30:06.000Z
1821,70575,2025-12-22T10:21:20.000Z,Randonnée,23044.0,2025-12-22T14:52:20.000Z
1822,70575,2025-12-15T10:39:25.000Z,Randonnée,4786.0,2025-12-15T18:06:25.000Z
1823,70575,2026-04-05T06:35:55.000Z,Randonnée,21572.0,2026-04-05T12:50:55.000Z
1824,70575,2026-03-12T01:06:28.000Z,Randonnée,13931.0,2026-03-12T04:12:28.000Z
1825,70575,2026-07-09T13:47:20.000Z,Randonnée,25257.0,2026-07-09T19:58:20.000Z
1826,70575,2026-05-22T11:38:18.000Z,Randonnée,28357.0,2026-05-22T15:59:18.000Z
1827,70575,2026-06-03T02:13:25.000Z,Randonnée,26646.0,2026-06-03T07:41:25.000Z
1828,70575,2025-11-08T10:54:06.000Z,Randonnée,15193.0,2025-11-08T16:20:06.000Z
1829,70575,2026-04-16T10:39:32.000Z,Randonnée,17522.0,2026-04-16T13:44:32.000Z
1830,70575,2026-02-24T10:48:34.000Z,Randonnée,16935.0,2026-02-24T16:33:34.000Z
1831,70575,2026-01-18T01:59:18.000Z,Randonnée,14868.0,2026-01-18T04:36:18.000Z
1832,70933,2025-11-30T15:46:03.000Z,Tennis,,2025-11-30T18:29:03.000Z
1833,70933,2026-05-23T02:49:32.000Z,Tennis,,2026-05-23T04:49:32.000Z
1834,70933,2026-09-12T22:52:03.000Z,Tennis,,2026-09-13T01:49:03.000Z
1835,70933,2026-08-15T07:10:05.000Z,Tennis,,2026-08-15T09:53:05.000Z
1836,70933,2026-07-04T15:33:22.000Z,Tennis,,2026-07-04T16:41:22.000Z
1837,70933,2025-12-05T19:35:26.000Z,Tennis,,2025-12-05T20:48:26.000Z
1838,70933,2026-02-26T15:38:50.000Z,Tennis,,2026-02-26T16:57:50.000Z
1839,70933,2026-03-21T02:33:38.000Z,Tennis,,2026-03-21T04:40:38.000Z
1840,70933,2026-03-22T04:36:39.000Z,Tennis,,2026-03-22T06:06:39.000Z
1841,70933,2025-11-01T00:32:07.000Z,Tennis,,2025-11-01T03:13:07.000Z
1842,70933,2026-06-22T15:16:25.000Z,Tennis,,2026-06-22T17:23:25.000Z
1843,70933,2025-11-01T09:57:50.000Z,Tennis,,2025-11-01T11:13:50.000Z
1844,70933,2026-05-31T05:58:59.000Z,Tennis,,2026-05-31T08:38:59.000Z
1845,70933,2026-04-18T10:19:52.000Z,Tennis,,2026-04-18T11:25:52.000Z
1846,70933,2026-05-22T16:55:46.000Z,Tennis,,2026-05-22T19:50:46.000Z
1847,70933,2026-04-28T17:35:43.000Z,Tennis,,2026-04-28T19:56:43.000Z
1848,70933,2026-07-22T08:42:18.000Z,Tennis,,2026-07-22T09:38:18.000Z
1849,70933,2026-05-04T14:45:48.000Z,Tennis,,2026-05-04T16:55:48.000Z
1850,70933,2026-08-30T09:58:32.000Z,Tennis,,2026-08-30T11:24:32.000Z
1851,70933,2026-07-22T17:03:39.000Z,Tennis,,2026-07-22T18:33:39.000Z
1852,70933,2026-01-24T15:20:52.000Z,Tennis,,2026-01-24T17:52:52.000Z
1853,70933,2026-01-17T03:37:46.000Z,Tennis,,2026-01-17T06:16:46.000Z
1854,70933,2026-09-10T23:01:03.000Z,Tennis,,2026-09-11T00:16:03.000Z
1855,71190,2026-05-26T18:40:58.000Z,Badminton,,2026-05-26T19:10:58.000Z
1856,71190,2026-03-24T02:51:33.000Z,Badminton,,2026-03-24T03:22:33.000Z
1857,71190,2026-04-26T01:47:52.000Z,Badminton,,2026-04-26T03:20:52.000Z
1858,71190,2026-09-04T19:23:15.000Z,Badminton,,2026-09-04T21:10:15.000Z
1859,71190,2025-12-20T05:24:38.000Z,Badminton,,2025-12-20T06:24:38.000Z
1860,71190,2026-03-05T06:53:16.000Z,Badminton,,2026-03-05T08:21:16.000Z
1861,71190,2026-05-18T11:44:40.000Z,Badminton,,2026-05-18T12:24:40.000Z
1862,71190,2026-09-04T14:24:01.000Z,Badminton,,2026-09-04T15:25:01.000Z
1863,71190,2026-05-25T16:38:17.000Z,Badminton,,2026-05-25T17:43:17.000Z
1864,71190,2025-10-15T23:57:22.000Z,Badminton,,2025-10-16T00:53:22.000Z
1865,71190,2025-10-18T09:13:59.000Z,Badminton,,2025-10-18T10:01:59.000Z
1866,71190,2025-11-22T10:59:15.000Z,Badminton,,2025-11-22T11:33:15.000Z
1867,71190,2026-05-09T12:12:52.000Z,Badminton,,2026-05-09T14:07:52.000Z
1868,71190,2026-09-19T10:36:25.000Z,Badminton,,2026-09-19T11:48:25.000Z
1869,71190,2025-11-08T06:54:23.000Z,Badminton,,2025-11-08T07:30:23.000Z
1870,71190,2025-11-28T15:45:11.000Z,Badminton,,2025-11-28T16:37:11.000Z
1871,71190,2026-06-10T16:15:49.000Z,Badminton,,2026-06-10T18:03:49.000Z
1872,73367,2026-07-15T00:18:23.000Z,Boxe,,2026-07-15T01:46:23.000Z
1873,73367,2025-11-02T03:59:59.000Z,Boxe,,2025-11-02T04:33:59.000Z
1874,73367,2026-02-17T03:18:57.000Z,Boxe,,2026-02-17T04:29:57.000Z
1875,73367,2026-07-18T13:11:30.000Z,Boxe,,2026-07-18T13:49:30.000Z
1876,73367,2025-10-22T05:09:10.000Z,Boxe,,2025-10-22T06:49:10.000Z
1877,73367,2025-11-18T06:03:27.000Z,Boxe,,2025-11-18T07:33:27.000Z
1878,73367,2026-08-26T18:15:45.000Z,Boxe,,2026-08-26T20:13:45.000Z
1879,73367,2026-04-19T16:29:15.000Z,Boxe,,2026-04-19T17:41:15.000Z
1880,73367,2025-12-17T11:54:02.000Z,Boxe,,2025-12-17T13:31:02.000Z
1881,73367,2025-10-19T14:19:10.000Z,Boxe,,2025-10-19T16:07:10.000Z
1882,73367,2026-07-07T09:33:45.000Z,Boxe,,2026-07-07T11:16:45.000Z
1883,73367,2026-04-02T20:03:56.000Z,Boxe,,2026-04-02T20:44:56.000Z
1884,73367,2026-05-21T10:50:34.000Z,Boxe,,2026-05-21T12:14:34.000Z
1885,73367,2026-04-19T01:00:04.000Z,Boxe,,2026-04-19T02:03:04.000Z
1886,73367,2026-05-23T13:35:51.000Z,Boxe,,2026-05-23T14:21:51.000Z
1887,73367,2026-07-07T04:29:39.000Z,Boxe,,2026-07-07T06:05:39.000Z
1888,75791,2026-09-05T04:20:32.000Z,Running,16016.0,2026-09-05T05:03:32.000Z
1889,75791,2025-09-27T14:44:06.000Z,Running,4719.0,2025-09-27T15:28:06.000Z
1890,75791,2026-08-02T10:05:08.000Z,Running,4712.0,2026-08-02T11:45:08.000Z
1891,75791,2026-03-07T00:39:04.000Z,Running,11523.0,2026-03-07T02:17:04.000Z
1892,75791,2026-05-02T15:27:03.000Z,Running,20539.0,2026-05-02T16:31:03.000Z
1893,75791,2026-06-02T18:59:43.000Z,Running,6627.0,2026-06-02T19:20:43.000Z
1894,75791,2026-07-30T21:09:21.000Z,Running,3560.0,2026-07-30T22:01:21.000Z
1895,75791,2026-04-28T14:18:42.000Z,Running,9450.0,2026-04-28T15:42:42.000Z
1896,75791,2026-06-20T08:27:10.000Z,Running,9666.0,2026-06-20T09:01:10.000Z
1897,75791,2026-05-05T22:43:59.000Z,Running,16168.0,2026-05-06T00:35:59.000Z
1898,75791,2025-12-11T08:21:22.000Z,Running,9602.0,2025-12-11T09:03:22.000Z
1899,75791,2026-04-01T01:36:45.000Z,Running,23072.0,2026-04-01T03:22:45.000Z
1900,75791,2025-11-18T17:19:04.000Z,Running,13074.0,2025-11-18T19:01:04.000Z
1901,75791,2026-09-09T22:39:35.000Z,Running,9708.0,2026-09-10T00:07:35.000Z
1902,75791,2025-10-18T18:09:55.000Z,Running,21207.0,2025-10-18T20:04:55.000Z
1903,75791,2026-07-05T13:09:20.000Z,Running,17599.0,2026-07-05T14:41:20.000Z
1904,75791,2025-10-04T06:28:06.000Z,Running,6790.0,2025-10-04T07:56:06.000Z
1905,75791,2025-10-22T17:09:00.000Z,Running,24301.0,2025-10-22T18:14:00.000Z
1906,75791,2026-02-05T17:07:46.000Z,Running,24623.0,2026-02-05T17:30:46.000Z
1907,75791,2026-05-06T17:56:04.000Z,Running,15931.0,2026-05-06T18:37:04.000Z
1908,75791,2025-11-11T09:04:15.000Z,Running,21886.0,2025-11-11T10:40:15.000Z
1909,75791,2026-08-26T03:27:25.000Z,Running,9233.0,2026-08-26T05:17:25.000Z
1910,75791,2026-03-06T17:32:38.000Z,Running,3996.0,2026-03-06T18:26:38.000Z
1911,75791,2026-03-21T12:04:20.000Z,Running,21078.0,2026-03-21T13:11:20.000Z
1912,75791,2026-04-18T22:17:26.000Z,Running,8953.0,2026-04-18T23:04:26.000Z
1913,75791,2026-07-28T20:12:29.000Z,Running,2860.0,2026-07-28T21:19:29.000Z
1914,75791,2026-03-18T08:16:27.000Z,Running,13638.0,2026-03-18T08:47:27.000Z
1915,75791,2025-11-25T20:06:32.000Z,Running,6375.0,2025-11-25T21:30:32.000Z
1916,75791,2026-09-01T09:08:36.000Z,Running,14043.0,2026-09-01T11:01:36.000Z
1917,75791,2026-07-22T20:05:11.000Z,Running,22051.0,2026-07-22T20:43:11.000Z
1918,75791,2025-11-17T13:00:48.000Z,Running,6719.0,2025-11-17T14:46:48.000Z
1919,75791,2026-02-24T12:35:02.000Z,Running,18415.0,2026-02-24T13:53:02.000Z
1920,75791,2025-09-28T14:18:24.000Z,Running,9153.0,2025-09-28T14:52:24.000Z
1921,75791,2026-08-22T09:05:19.000Z,Running,15669.0,2026-08-22T10:52:19.000Z
1922,75791,2026-03-27T07:35:55.000Z,Running,22451.0,2026-03-27T08:37:55.000Z
1923,75791,2026-07-21T13:19:00.000Z,Running,17157.0,2026-07-21T14:45:00.000Z
1924,76076,2026-07-18T13:40:29.000Z,Football,,2026-07-18T15:38:29.000Z
1925,76076,2026-01-29T14:49:18.000Z,Football,,2026-01-29T16:00:18.000Z
1926,76076,2026-01-16T07:00:05.000Z,Football,,2026-01-16T08:09:05.000Z
1927,76076,2026-01-28T22:41:29.000Z,Football,,2026-01-29T00:34:29.000Z
1928,76076,2026-01-10T21:19:17.000Z,Football,,2026-01-10T22:19:17.000Z
1929,76076,2026-01-11T06:28:50.000Z,Football,,2026-01-11T07:33:50.000Z
1930,76341,2026-04-14T15:23:33.000Z,Football,,2026-04-14T17:19:33.000Z
1931,76341,2026-04-25T16:44:02.000Z,Football,,2026-04-25T17:55:02.000Z
1932,76341,2026-01-28T16:29:40.000Z,Football,,2026-01-28T18:24:40.000Z
1933,76341,2026-06-27T13:03:08.000Z,Football,,2026-06-27T14:06:08.000Z
1934,76341,2025-12-31T01:56:06.000Z,Football,,2025-12-31T03:54:06.000Z
1935,76903,2026-05-23T04:01:27.000Z,Basketball,,2026-05-23T05:25:27.000Z
1936,76903,2026-03-18T07:05:44.000Z,Basketball,,2026-03-18T08:59:44.000Z
1937,76903,2025-10-08T06:13:53.000Z,Basketball,,2025-10-08T07:14:53.000Z
1938,76903,2025-11-07T03:18:37.000Z,Basketball,,2025-11-07T04:09:37.000Z
1939,76903,2025-10-30T10:41:33.000Z,Basketball,,2025-10-30T11:32:33.000Z
1940,76903,2025-12-05T12:14:32.000Z,Basketball,,2025-12-05T13:49:32.000Z
1941,76903,2026-01-26T08:09:28.000Z,Basketball,,2026-01-26T09:39:28.000Z
1942,76903,2026-06-30T20:41:50.000Z,Basketball,,2026-06-30T21:51:50.000Z
1943,76903,2026-09-20T08:58:12.000Z,Basketball,,2026-09-20T09:53:12.000Z
1944,78962,2025-11-02T02:02:29.000Z,Boxe,,2025-11-02T02:48:29.000Z
1945,78962,2026-03-22T22:21:08.000Z,Boxe,,2026-03-22T23:03:08.000Z
1946,78962,2026-06-04T06:25:00.000Z,Boxe,,2026-06-04T08:22:00.000Z
1947,78962,2025-12-25T23:32:47.000Z,Boxe,,2025-12-26T01:02:47.000Z
1948,78962,2026-08-27T09:59:56.000Z,Boxe,,2026-08-27T10:47:56.000Z
1949,78962,2026-02-26T06:25:18.000Z,Boxe,,2026-02-26T07:41:18.000Z
1950,78962,2026-09-18T05:31:26.000Z,Boxe,,2026-09-18T07:30:26.000Z
1951,78962,2026-03-22T00:54:15.000Z,Boxe,,2026-03-22T02:05:15.000Z
1952,78962,2025-10-22T09:14:52.000Z,Boxe,,2025-10-22T09:47:52.000Z
1953,78962,2026-02-10T11:39:57.000Z,Boxe,,2026-02-10T12:23:57.000Z
1954,78962,2026-08-21T11:06:46.000Z,Boxe,,2026-08-21T12:35:46.000Z
1955,78962,2026-07-22T05:44:01.000Z,Boxe,,2026-07-22T06:50:01.000Z
1956,78962,2026-05-08T04:23:22.000Z,Boxe,,2026-05-08T06:10:22.000Z
1957,78962,2025-11-05T23:23:51.000Z,Boxe,,2025-11-06T00:58:51.000Z
1958,78962,2026-01-31T13:19:33.000Z,Boxe,,2026-01-31T14:02:33.000Z
1959,78962,2025-10-24T13:03:34.000Z,Boxe,,2025-10-24T14:56:34.000Z
1960,78962,2026-03-25T00:35:49.000Z,Boxe,,2026-03-25T02:13:49.000Z
1961,78962,2026-03-06T13:33:28.000Z,Boxe,,2026-03-06T15:18:28.000Z
1962,78962,2025-12-30T15:21:55.000Z,Boxe,,2025-12-30T17:10:55.000Z
1963,78962,2026-04-02T08:03:27.000Z,Boxe,,2026-04-02T08:53:27.000Z
1964,78962,2026-02-06T07:41:10.000Z,Boxe,,2026-02-06T08:19:10.000Z
1965,78962,2026-05-14T12:14:29.000Z,Boxe,,2026-05-14T14:12:29.000Z
1966,78962,2026-05-05T06:47:29.000Z,Boxe,,2026-05-05T08:12:29.000Z
1967,78962,2026-06-23T13:47:23.000Z,Boxe,,2026-06-23T15:26:23.000Z
1968,78962,2026-06-11T07:59:37.000Z,Boxe,,2026-06-11T08:51:37.000Z
1969,78962,2026-08-17T23:03:30.000Z,Boxe,,2026-08-18T00:46:30.000Z
1970,78962,2026-05-14T23:21:37.000Z,Boxe,,2026-05-15T00:05:37.000Z
1971,78962,2026-04-30T13:47:32.000Z,Boxe,,2026-04-30T14:58:32.000Z
1972,78962,2025-12-04T10:03:38.000Z,Boxe,,2025-12-04T11:29:38.000Z
1973,78962,2025-10-24T00:47:24.000Z,Boxe,,2025-10-24T02:08:24.000Z
1974,78962,2026-08-09T03:39:06.000Z,Boxe,,2026-08-09T05:36:06.000Z
1975,78962,2026-04-06T23:09:52.000Z,Boxe,,2026-04-07T00:20:52.000Z
1976,78962,2025-12-20T12:17:19.000Z,Boxe,,2025-12-20T12:58:19.000Z
1977,78962,2026-09-12T18:57:22.000Z,Boxe,,2026-09-12T20:41:22.000Z
1978,78962,2026-06-10T15:51:39.000Z,Boxe,,2026-06-10T16:39:39.000Z
1979,78962,2026-04-21T07:39:47.000Z,Boxe,,2026-04-21T09:06:47.000Z
1980,78962,2026-05-24T01:32:54.000Z,Boxe,,2026-05-24T02:51:54.000Z
1981,78962,2025-12-15T20:54:20.000Z,Boxe,,2025-12-15T21:49:20.000Z
1982,78962,2026-05-06T11:21:40.000Z,Boxe,,2026-05-06T12:29:40.000Z
1983,78962,2026-07-02T18:17:56.000Z,Boxe,,2026-07-02T19:42:56.000Z
1984,78962,2026-05-11T07:24:32.000Z,Boxe,,2026-05-11T08:05:32.000Z
1985,81676,2026-03-02T23:23:34.000Z,Tennis,,2026-03-03T02:18:34.000Z
1986,81676,2025-10-21T05:42:30.000Z,Tennis,,2025-10-21T07:42:30.000Z
1987,81676,2025-09-27T07:51:36.000Z,Tennis,,2025-09-27T08:49:36.000Z
1988,81676,2025-11-08T14:27:44.000Z,Tennis,,2025-11-08T16:43:44.000Z
1989,81676,2025-12-27T08:36:23.000Z,Tennis,,2025-12-27T09:28:23.000Z
1990,81676,2026-05-27T19:25:10.000Z,Tennis,,2026-05-27T21:50:10.000Z
1991,81676,2026-03-03T16:29:55.000Z,Tennis,,2026-03-03T18:51:55.000Z
1992,81676,2026-04-26T16:52:31.000Z,Tennis,,2026-04-26T19:28:31.000Z
1993,81676,2026-03-30T10:07:20.000Z,Tennis,,2026-03-30T11:36:20.000Z
1994,81676,2026-04-30T16:54:15.000Z,Tennis,,2026-04-30T18:27:15.000Z
1995,81676,2026-08-19T05:01:10.000Z,Tennis,,2026-08-19T07:18:10.000Z
1996,81676,2026-01-17T00:44:36.000Z,Tennis,,2026-01-17T02:08:36.000Z
1997,81676,2025-10-01T12:08:43.000Z,Tennis,,2025-10-01T13:27:43.000Z
1998,81676,2025-11-21T22:08:20.000Z,Tennis,,2025-11-21T22:57:20.000Z
1999,81676,2025-11-18T17:31:18.000Z,Tennis,,2025-11-18T20:07:18.000Z
2000,81676,2026-06-03T10:08:15.000Z,Tennis,,2026-06-03T11:28:15.000Z
2001,81676,2026-09-09T00:47:32.000Z,Tennis,,2026-09-09T03:28:32.000Z
2002,81676,2026-03-22T11:15:44.000Z,Tennis,,2026-03-22T12:46:44.000Z
2003,81676,2026-04-29T09:28:45.000Z,Tennis,,2026-04-29T12:01:45.000Z
2004,81676,2026-02-11T23:42:12.000Z,Tennis,,2026-02-12T02:05:12.000Z
2005,81676,2026-03-10T23:09:38.000Z,Tennis,,2026-03-11T00:41:38.000Z
2006,81676,2026-08-21T20:47:03.000Z,Tennis,,2026-08-21T23:39:03.000Z
2007,81676,2026-01-09T13:35:45.000Z,Tennis,,2026-01-09T16:28:45.000Z
2008,81676,2025-10-09T23:53:14.000Z,Tennis,,2025-10-10T02:11:14.000Z
2009,81676,2026-06-27T17:58:53.000Z,Tennis,,2026-06-27T20:46:53.000Z
2010,81676,2026-05-10T08:29:49.000Z,Tennis,,2026-05-10T09:42:49.000Z
2011,81676,2025-11-21T04:21:04.000Z,Tennis,,2025-11-21T05:26:04.000Z
2012,81676,2026-03-26T13:31:14.000Z,Tennis,,2026-03-26T15:27:14.000Z
2013,81676,2026-04-18T06:02:19.000Z,Tennis,,2026-04-18T07:07:19.000Z
2014,81676,2026-03-29T11:34:04.000Z,Tennis,,2026-03-29T13:21:04.000Z
2015,81676,2026-05-23T01:56:19.000Z,Tennis,,2026-05-23T04:00:19.000Z
2016,81676,2026-04-22T18:52:17.000Z,Tennis,,2026-04-22T21:04:17.000Z
2017,81676,2026-03-22T07:54:38.000Z,Tennis,,2026-03-22T10:39:38.000Z
2018,81676,2026-05-07T21:44:39.000Z,Tennis,,2026-05-08T00:29:39.000Z
2019,81676,2026-02-11T01:24:06.000Z,Tennis,,2026-02-11T03:56:06.000Z
2020,81676,2025-12-01T01:17:21.000Z,Tennis,,2025-12-01T03:16:21.000Z
2021,81676,2026-07-06T07:52:02.000Z,Tennis,,2026-07-06T09:54:02.000Z
2022,81676,2026-05-29T09:30:05.000Z,Tennis,,2026-05-29T10:30:05.000Z
2023,81676,2026-05-07T11:26:31.000Z,Tennis,,2026-05-07T12:54:31.000Z
2024,81676,2026-08-07T03:27:18.000Z,Tennis,,2026-08-07T05:26:18.000Z
2025,81676,2026-04-03T06:17:32.000Z,Tennis,,2026-04-03T08:15:32.000Z
2026,81676,2026-04-11T08:29:50.000Z,Tennis,,2026-04-11T09:46:50.000Z
2027,81676,2026-01-02T21:17:07.000Z,Tennis,,2026-01-02T23:13:07.000Z
2028,81676,2026-01-11T21:12:33.000Z,Tennis,,2026-01-11T23:08:33.000Z
2029,83440,2025-11-09T07:42:56.000Z,Triathlon,52268.0,2025-11-09T11:51:56.000Z
2030,83440,2026-03-19T11:06:33.000Z,Triathlon,35884.0,2026-03-19T14:54:33.000Z
2031,83440,2026-07-27T21:41:12.000Z,Triathlon,59054.0,2026-07-27T23:47:12.000Z
2032,83440,2026-08-03T10:41:13.000Z,Triathlon,46917.0,2026-08-03T12:27:13.000Z
2033,83440,2025-10-29T18:40:43.000Z,Triathlon,77714.0,2025-10-29T21:07:43.000Z
2034,86486,2026-07-23T04:20:53.000Z,Judo,,2026-07-23T05:42:53.000Z
2035,86486,2026-06-10T13:51:55.000Z,Judo,,2026-06-10T14:51:55.000Z
2036,86486,2025-11-30T23:11:34.000Z,Judo,,2025-12-01T01:02:34.000Z
2037,86486,2026-07-09T04:44:29.000Z,Judo,,2026-07-09T06:27:29.000Z
2038,86486,2026-06-03T10:18:26.000Z,Judo,,2026-06-03T10:54:26.000Z
2039,86486,2025-10-17T09:33:06.000Z,Judo,,2025-10-17T10:17:06.000Z
2040,86486,2026-02-28T20:34:15.000Z,Judo,,2026-02-28T22:03:15.000Z
2041,86486,2026-03-30T23:07:23.000Z,Judo,,2026-03-31T00:15:23.000Z
2042,86486,2026-02-21T11:59:59.000Z,Judo,,2026-02-21T12:58:59.000Z
2043,86486,2026-01-06T23:50:37.000Z,Judo,,2026-01-07T01:20:37.000Z
2044,86486,2026-08-30T23:34:35.000Z,Judo,,2026-08-31T01:11:35.000Z
2045,86486,2026-01-17T03:44:18.000Z,Judo,,2026-01-17T04:15:18.000Z
2046,86486,2026-06-17T12:01:00.000Z,Judo,,2026-06-17T13:19:00.000Z
2047,86486,2026-06-19T04:52:06.000Z,Judo,,2026-06-19T06:29:06.000Z
2048,86486,2026-09-18T09:41:49.000Z,Judo,,2026-09-18T10:23:49.000Z
2049,86486,2026-02-11T09:55:00.000Z,Judo,,2026-02-11T11:46:00.000Z
2050,86486,2026-09-18T12:46:18.000Z,Judo,,2026-09-18T14:34:18.000Z
2051,86486,2026-01-09T23:37:19.000Z,Judo,,2026-01-10T00:49:19.000Z
2052,86486,2026-01-04T03:58:40.000Z,Judo,,2026-01-04T04:40:40.000Z
2053,86486,2026-07-24T06:17:23.000Z,Judo,,2026-07-24T07:46:23.000Z
2054,86486,2026-05-13T15:18:29.000Z,Judo,,2026-05-13T17:14:29.000Z
2055,86486,2026-02-05T00:51:26.000Z,Judo,,2026-02-05T02:27:26.000Z
2056,86486,2026-04-27T16:07:08.000Z,Judo,,2026-04-27T17:17:08.000Z
2057,86486,2025-09-30T07:00:12.000Z,Judo,,2025-09-30T08:56:12.000Z
2058,86486,2026-03-05T17:06:58.000Z,Judo,,2026-03-05T17:37:58.000Z
2059,86486,2025-11-06T08:29:09.000Z,Judo,,2025-11-06T10:06:09.000Z
2060,86486,2025-12-21T05:06:30.000Z,Judo,,2025-12-21T06:20:30.000Z
2061,86486,2025-12-10T23:37:54.000Z,Judo,,2025-12-11T00:39:54.000Z
2062,86486,2026-05-25T13:12:02.000Z,Judo,,2026-05-25T13:45:02.000Z
2063,86486,2026-09-26T11:30:17.000Z,Judo,,2026-09-26T12:07:17.000Z
2064,86486,2026-06-01T19:21:48.000Z,Judo,,2026-06-01T21:07:48.000Z
2065,86486,2025-11-12T14:16:03.000Z,Judo,,2025-11-12T16:16:03.000Z
2066,86486,2025-11-16T10:49:24.000Z,Judo,,2025-11-16T12:36:24.000Z
2067,86486,2026-07-20T15:40:13.000Z,Judo,,2026-07-20T17:34:13.000Z
2068,86486,2026-06-24T03:57:42.000Z,Judo,,2026-06-24T04:41:42.000Z
2069,86486,2026-01-19T09:34:42.000Z,Judo,,2026-01-19T10:36:42.000Z
2070,86633,2026-06-02T01:51:57.000Z,Running,12429.0,2026-06-02T02:20:57.000Z
2071,86633,2026-03-11T19:46:25.000Z,Running,17921.0,2026-03-11T21:44:25.000Z
2072,86633,2025-11-28T21:37:58.000Z,Running,19957.0,2025-11-28T22:29:58.000Z
2073,86633,2025-10-21T05:29:33.000Z,Running,10804.0,2025-10-21T07:28:33.000Z
2074,86633,2026-01-05T06:57:29.000Z,Running,23979.0,2026-01-05T07:24:29.000Z
2075,86633,2026-03-17T02:27:18.000Z,Running,3596.0,2026-03-17T03:09:18.000Z
2076,86633,2026-02-26T11:37:05.000Z,Running,6104.0,2026-02-26T13:15:05.000Z
2077,86633,2025-11-21T20:59:23.000Z,Running,14435.0,2025-11-21T21:32:23.000Z
2078,86633,2026-05-23T10:34:50.000Z,Running,16797.0,2026-05-23T11:21:50.000Z
2079,86633,2026-01-05T14:01:12.000Z,Running,4376.0,2026-01-05T15:52:12.000Z
2080,86633,2026-05-06T21:19:02.000Z,Running,18734.0,2026-05-06T21:48:02.000Z
2081,86633,2026-09-10T04:06:04.000Z,Running,13447.0,2026-09-10T04:28:04.000Z
2082,86633,2026-06-12T02:34:31.000Z,Running,10981.0,2026-06-12T02:58:31.000Z
2083,86633,2026-02-02T02:14:47.000Z,Running,22806.0,2026-02-02T04:03:47.000Z
2084,86633,2026-06-28T19:21:45.000Z,Running,23618.0,2026-06-28T20:46:45.000Z
2085,86633,2026-03-15T08:21:07.000Z,Running,11290.0,2026-03-15T09:42:07.000Z
2086,86633,2025-12-23T17:02:42.000Z,Running,2076.0,2025-12-23T18:31:42.000Z
2087,86633,2026-05-05T07:05:46.000Z,Running,14312.0,2026-05-05T07:40:46.000Z
2088,86633,2026-06-18T19:10:10.000Z,Running,8965.0,2026-06-18T20:12:10.000Z
2089,86633,2026-06-05T07:10:14.000Z,Running,4085.0,2026-06-05T08:50:14.000Z
2090,86633,2025-10-28T05:54:41.000Z,Running,21347.0,2025-10-28T06:57:41.000Z
2091,86633,2025-12-14T21:13:12.000Z,Running,6062.0,2025-12-14T22:55:12.000Z
2092,86633,2026-06-10T14:29:17.000Z,Running,6393.0,2026-06-10T15:38:17.000Z
2093,86633,2026-05-29T21:46:37.000Z,Running,17843.0,2026-05-29T22:19:37.000Z
2094,86633,2026-09-05T18:47:38.000Z,Running,16554.0,2026-09-05T19:17:38.000Z
2095,86633,2025-10-10T20:43:55.000Z,Running,6441.0,2025-10-10T21:20:55.000Z
2096,86633,2026-02-24T23:34:33.000Z,Running,3449.0,2026-02-25T00:56:33.000Z
2097,86633,2026-01-24T12:15:34.000Z,Running,13493.0,2026-01-24T13:57:34.000Z
2098,86633,2025-10-11T09:15:46.000Z,Running,9804.0,2025-10-11T09:37:46.000Z
2099,86633,2026-07-04T00:19:07.000Z,Running,2985.0,2026-07-04T02:19:07.000Z
2100,86633,2026-08-06T10:45:06.000Z,Running,17039.0,2026-08-06T11:32:06.000Z
2101,86633,2026-06-17T08:08:36.000Z,Running,22015.0,2026-06-17T09:26:36.000Z
2102,86633,2026-07-11T19:06:02.000Z,Running,15325.0,2026-07-11T19:45:02.000Z
2103,86633,2026-07-09T14:58:53.000Z,Running,5257.0,2026-07-09T15:22:53.000Z
2104,86633,2026-09-14T07:31:11.000Z,Running,23114.0,2026-09-14T08:51:11.000Z
2105,86633,2026-06-26T08:33:36.000Z,Running,16922.0,2026-06-26T09:24:36.000Z
2106,86633,2026-05-30T16:49:55.000Z,Running,3149.0,2026-05-30T17:31:55.000Z
2107,86633,2026-03-23T03:56:54.000Z,Running,16058.0,2026-03-23T04:28:54.000Z
2108,86633,2025-11-10T08:13:54.000Z,Running,13434.0,2025-11-10T08:46:54.000Z
2109,86633,2026-08-05T10:03:01.000Z,Running,6661.0,2026-08-05T10:31:01.000Z
2110,86633,2026-06-17T11:07:34.000Z,Running,11246.0,2026-06-17T13:01:34.000Z
2111,86633,2026-05-08T16:24:05.000Z,Running,14555.0,2026-05-08T18:11:05.000Z
2112,86633,2026-07-20T19:07:12.000Z,Running,3048.0,2026-07-20T19:54:12.000Z
2113,86633,2025-10-21T13:16:14.000Z,Running,4777.0,2025-10-21T14:18:14.000Z
2114,86633,2026-03-07T05:31:07.000Z,Running,5865.0,2026-03-07T07:27:07.000Z
2115,86633,2025-11-30T01:58:06.000Z,Running,12089.0,2025-11-30T03:28:06.000Z
2116,86633,2025-11-04T19:46:04.000Z,Running,20194.0,2025-11-04T20:23:04.000Z
2117,86847,2026-09-03T14:43:02.000Z,Football,,2026-09-03T15:30:02.000Z
2118,86847,2025-09-29T11:10:56.000Z,Football,,2025-09-29T12:05:56.000Z
2119,86847,2026-09-21T16:13:19.000Z,Football,,2026-09-21T17:20:19.000Z
2120,86847,2026-09-06T10:38:53.000Z,Football,,2026-09-06T12:38:53.000Z
2121,86847,2026-06-23T07:55:16.000Z,Football,,2026-06-23T09:33:16.000Z
2122,86847,2025-12-16T01:33:09.000Z,Football,,2025-12-16T02:34:09.000Z
2123,86847,2026-04-18T03:31:22.000Z,Football,,2026-04-18T04:50:22.000Z
2124,86847,2025-12-28T22:00:23.000Z,Football,,2025-12-28T23:37:23.000Z
2125,86847,2026-05-16T13:39:27.000Z,Football,,2026-05-16T14:28:27.000Z
2126,86847,2026-05-22T16:43:03.000Z,Football,,2026-05-22T18:31:03.000Z
2127,86847,2026-02-09T02:13:48.000Z,Football,,2026-02-09T03:36:48.000Z
2128,86847,2026-05-01T14:14:15.000Z,Football,,2026-05-01T14:59:15.000Z
2129,86847,2025-11-11T15:15:08.000Z,Football,,2025-11-11T16:24:08.000Z
2130,86847,2026-05-25T08:45:40.000Z,Football,,2026-05-25T09:42:40.000Z
2131,86847,2026-04-12T02:37:21.000Z,Football,,2026-04-12T04:31:21.000Z
2132,86948,2026-01-12T08:28:57.000Z,Tennis,,2026-01-12T10:06:57.000Z
2133,86948,2025-11-09T18:14:43.000Z,Tennis,,2025-11-09T19:48:43.000Z
2134,86948,2026-04-08T05:10:27.000Z,Tennis,,2026-04-08T07:56:27.000Z
2135,86948,2026-06-14T06:10:55.000Z,Tennis,,2026-06-14T07:35:55.000Z
2136,86948,2026-06-04T10:32:19.000Z,Tennis,,2026-06-04T11:30:19.000Z
2137,86948,2025-12-17T09:31:05.000Z,Tennis,,2025-12-17T11:28:05.000Z
2138,86948,2026-02-03T19:51:06.000Z,Tennis,,2026-02-03T21:40:06.000Z
2139,86948,2025-11-06T13:16:30.000Z,Tennis,,2025-11-06T14:12:30.000Z
2140,86948,2025-11-27T09:05:30.000Z,Tennis,,2025-11-27T10:35:30.000Z
2141,86948,2026-04-14T23:15:01.000Z,Tennis,,2026-04-15T02:04:01.000Z
2142,86948,2026-09-09T14:44:33.000Z,Tennis,,2026-09-09T15:47:33.000Z
2143,86948,2026-05-15T04:25:35.000Z,Tennis,,2026-05-15T07:03:35.000Z
2144,86948,2025-12-13T04:29:50.000Z,Tennis,,2025-12-13T07:01:50.000Z
2145,86948,2026-07-26T12:34:33.000Z,Tennis,,2026-07-26T14:17:33.000Z
2146,86948,2025-12-24T11:04:57.000Z,Tennis,,2025-12-24T13:12:57.000Z
2147,86948,2026-07-10T12:18:30.000Z,Tennis,,2026-07-10T14:03:30.000Z
2148,86948,2026-02-19T20:12:55.000Z,Tennis,,2026-02-19T21:48:55.000Z
2149,86948,2026-03-28T21:56:50.000Z,Tennis,,2026-03-28T22:59:50.000Z
2150,86948,2026-09-07T19:57:27.000Z,Tennis,,2026-09-07T20:55:27.000Z
2151,86948,2025-12-19T22:48:19.000Z,Tennis,,2025-12-20T00:10:19.000Z
2152,86948,2026-02-24T10:10:48.000Z,Tennis,,2026-02-24T11:40:48.000Z
2153,86948,2026-03-23T18:26:52.000Z,Tennis,,2026-03-23T19:45:52.000Z
2154,86948,2026-01-09T17:44:06.000Z,Tennis,,2026-01-09T20:00:06.000Z
2155,86948,2025-11-15T09:41:58.000Z,Tennis,,2025-11-15T11:51:58.000Z
2156,86948,2026-01-13T23:25:13.000Z,Tennis,,2026-01-14T00:25:13.000Z
2157,86948,2026-08-23T17:57:57.000Z,Tennis,,2026-08-23T19:10:57.000Z
2158,86948,2026-03-08T10:07:43.000Z,Tennis,,2026-03-08T12:49:43.000Z
2159,86948,2025-12-21T09:11:01.000Z,Tennis,,2025-12-21T11:23:01.000Z
2160,86948,2026-07-30T15:06:39.000Z,Tennis,,2026-07-30T16:31:39.000Z
2161,86948,2025-10-30T13:59:57.000Z,Tennis,,2025-10-30T15:42:57.000Z
2162,86948,2026-04-04T23:47:57.000Z,Tennis,,2026-04-05T02:45:57.000Z
2163,86948,2026-08-18T01:18:11.000Z,Tennis,,2026-08-18T04:04:11.000Z
2164,86948,2025-10-02T15:11:08.000Z,Tennis,,2025-10-02T17:07:08.000Z
2165,86948,2026-01-01T05:57:23.000Z,Tennis,,2026-01-01T07:45:23.000Z
2166,88193,2025-12-22T08:58:47.000Z,Randonnée,27079.0,2025-12-22T14:54:47.000Z
2167,88193,2026-09-10T20:18:48.000Z,Randonnée,3137.0,2026-09-11T02:11:48.000Z
2168,88193,2026-03-28T18:48:01.000Z,Randonnée,22804.0,2026-03-28T20:08:01.000Z
2169,88193,2026-03-11T07:47:22.000Z,Randonnée,17340.0,2026-03-11T09:04:22.000Z
2170,88193,2026-08-02T22:03:44.000Z,Randonnée,21810.0,2026-08-03T05:57:44.000Z
2171,88193,2026-04-07T08:23:28.000Z,Randonnée,9494.0,2026-04-07T13:14:28.000Z
2172,88193,2025-10-01T19:47:26.000Z,Randonnée,21715.0,2025-10-02T03:12:26.000Z
2173,88193,2025-11-17T12:57:55.000Z,Randonnée,12677.0,2025-11-17T15:48:55.000Z
2174,88193,2025-11-01T05:39:37.000Z,Randonnée,3430.0,2025-11-01T12:10:37.000Z
2175,88193,2026-06-27T03:16:22.000Z,Randonnée,15401.0,2026-06-27T05:38:22.000Z
2176,88193,2026-03-26T02:33:44.000Z,Randonnée,23840.0,2026-03-26T07:25:44.000Z
2177,88193,2026-07-30T18:01:00.000Z,Randonnée,26532.0,2026-07-30T20:35:00.000Z
2178,88193,2026-05-30T23:44:14.000Z,Randonnée,3037.0,2026-05-31T06:44:14.000Z
2179,88193,2026-09-08T23:24:45.000Z,Randonnée,21650.0,2026-09-09T03:41:45.000Z
2180,88193,2026-01-20T04:25:08.000Z,Randonnée,14499.0,2026-01-20T05:41:08.000Z
2181,88193,2026-05-22T20:55:31.000Z,Randonnée,17646.0,2026-05-23T03:52:31.000Z
2182,88193,2026-06-19T21:32:31.000Z,Randonnée,5186.0,2026-06-20T05:15:31.000Z
2183,88193,2026-09-24T01:08:13.000Z,Randonnée,4480.0,2026-09-24T08:24:13.000Z
2184,88193,2025-11-09T02:16:59.000Z,Randonnée,13340.0,2025-11-09T03:42:59.000Z
2185,88193,2025-10-12T20:58:35.000Z,Randonnée,12870.0,2025-10-13T03:14:35.000Z
2186,88193,2026-05-02T00:18:16.000Z,Randonnée,22032.0,2026-05-02T06:49:16.000Z
2187,88193,2026-07-24T10:14:46.000Z,Randonnée,8527.0,2026-07-24T17:17:46.000Z
2188,88193,2026-04-24T13:45:06.000Z,Randonnée,6066.0,2026-04-24T16:47:06.000Z
2189,88193,2026-07-16T03:43:52.000Z,Randonnée,18663.0,2026-07-16T11:00:52.000Z
2190,88193,2026-07-13T08:03:32.000Z,Randonnée,23544.0,2026-07-13T15:28:32.000Z
2191,88193,2026-09-10T17:20:33.000Z,Randonnée,10219.0,2026-09-10T21:20:33.000Z
2192,88193,2025-10-18T03:36:14.000Z,Randonnée,4711.0,2025-10-18T06:57:14.000Z
2193,88193,2026-04-03T19:57:47.000Z,Randonnée,16539.0,2026-04-04T00:48:47.000Z
2194,88193,2026-06-29T16:03:04.000Z,Randonnée,17361.0,2026-06-29T21:03:04.000Z
2195,88193,2026-03-21T12:44:37.000Z,Randonnée,19766.0,2026-03-21T16:13:37.000Z
2196,88193,2026-09-08T09:08:25.000Z,Randonnée,26867.0,2026-09-08T11:44:25.000Z
2197,88193,2026-02-25T17:25:29.000Z,Randonnée,27245.0,2026-02-25T19:06:29.000Z
2198,89328,2025-11-29T23:43:56.000Z,Tennis de table,,2025-11-30T00:26:56.000Z
2199,89328,2026-06-24T17:16:34.000Z,Tennis de table,,2026-06-24T18:00:34.000Z
2200,89328,2025-11-24T10:44:37.000Z,Tennis de table,,2025-11-24T12:17:37.000Z
2201,89328,2026-05-28T14:38:16.000Z,Tennis de table,,2026-05-28T16:14:16.000Z
2202,89328,2026-03-07T18:24:10.000Z,Tennis de table,,2026-03-07T19:31:10.000Z
2203,89328,2026-03-30T01:06:50.000Z,Tennis de table,,2026-03-30T01:52:50.000Z
2204,89328,2026-03-18T09:04:31.000Z,Tennis de table,,2026-03-18T10:27:31.000Z
2205,89328,2025-12-09T10:10:23.000Z,Tennis de table,,2025-12-09T11:17:23.000Z
2206,89328,2026-08-31T13:42:22.000Z,Tennis de table,,2026-08-31T14:14:22.000Z
2207,89943,2026-02-04T10:36:14.000Z,Randonnée,14116.0,2026-02-04T17:06:14.000Z
2208,89943,2026-06-04T21:38:01.000Z,Randonnée,24244.0,2026-06-05T04:13:01.000Z
2209,89943,2026-06-12T14:13:17.000Z,Randonnée,21815.0,2026-06-12T20:16:17.000Z
2210,89943,2026-03-23T20:56:07.000Z,Randonnée,11210.0,2026-03-24T01:43:07.000Z
2211,89943,2026-01-24T00:44:25.000Z,Randonnée,7637.0,2026-01-24T08:28:25.000Z
2212,89943,2026-04-03T01:28:22.000Z,Randonnée,13041.0,2026-04-03T04:24:22.000Z
2213,89943,2026-08-21T08:45:32.000Z,Randonnée,4278.0,2026-08-21T16:19:32.000Z
2214,89943,2026-03-23T01:32:35.000Z,Randonnée,28818.0,2026-03-23T04:57:35.000Z
2215,89943,2026-04-22T21:30:47.000Z,Randonnée,10702.0,2026-04-23T04:34:47.000Z
2216,89943,2026-06-23T01:54:59.000Z,Randonnée,27427.0,2026-06-23T08:56:59.000Z
2217,89943,2025-12-28T09:26:18.000Z,Randonnée,6157.0,2025-12-28T11:48:18.000Z
2218,89943,2025-11-15T02:49:06.000Z,Randonnée,14904.0,2025-11-15T08:43:06.000Z
2219,89943,2025-12-15T16:11:11.000Z,Randonnée,18187.0,2025-12-15T18:45:11.000Z
2220,89943,2026-01-28T02:07:47.000Z,Randonnée,29407.0,2026-01-28T08:47:47.000Z
2221,89943,2026-03-20T03:39:43.000Z,Randonnée,17576.0,2026-03-20T07:49:43.000Z
2222,89943,2026-01-22T02:44:26.000Z,Randonnée,6280.0,2026-01-22T08:17:26.000Z
2223,89943,2026-09-23T14:11:28.000Z,Randonnée,16484.0,2026-09-23T18:38:28.000Z
2224,89943,2026-09-22T07:49:40.000Z,Randonnée,11646.0,2026-09-22T12:43:40.000Z
2225,89943,2026-04-27T02:26:44.000Z,Randonnée,29341.0,2026-04-27T09:44:44.000Z
2226,89943,2026-06-27T23:16:59.000Z,Randonnée,10980.0,2026-06-28T05:47:59.000Z
2227,89943,2026-05-07T19:31:43.000Z,Randonnée,21006.0,2026-05-08T02:57:43.000Z
2228,89943,2026-06-21T15:18:55.000Z,Randonnée,6033.0,2026-06-21T19:11:55.000Z
2229,89943,2025-11-20T03:31:09.000Z,Randonnée,21306.0,2025-11-20T04:51:09.000Z
2230,89943,2025-10-06T15:06:42.000Z,Randonnée,13844.0,2025-10-06T18:43:42.000Z
2231,89943,2026-02-12T19:08:57.000Z,Randonnée,5497.0,2026-02-12T23:56:57.000Z
2232,89943,2026-06-03T01:28:01.000Z,Randonnée,8269.0,2026-06-03T07:39:01.000Z
2233,89943,2026-07-27T10:05:19.000Z,Randonnée,28263.0,2026-07-27T12:58:19.000Z
2234,89943,2025-10-05T18:10:07.000Z,Randonnée,5257.0,2025-10-05T20:50:07.000Z
2235,89943,2026-06-14T19:22:19.000Z,Randonnée,28856.0,2026-06-15T02:08:19.000Z
2236,89943,2025-12-11T12:24:20.000Z,Randonnée,16243.0,2025-12-11T16:45:20.000Z
2237,89943,2026-09-14T19:20:21.000Z,Randonnée,21003.0,2026-09-14T20:48:21.000Z
2238,89943,2026-07-02T01:15:57.000Z,Randonnée,26053.0,2026-07-02T03:30:57.000Z
2239,89943,2026-02-18T19:02:17.000Z,Randonnée,3329.0,2026-02-18T23:19:17.000Z
2240,89943,2026-01-24T15:33:48.000Z,Randonnée,29393.0,2026-01-24T19:32:48.000Z
2241,89943,2025-12-19T18:25:28.000Z,Randonnée,22652.0,2025-12-19T20:09:28.000Z
2242,89943,2026-03-07T09:45:49.000Z,Randonnée,24700.0,2026-03-07T17:04:49.000Z
2243,89943,2026-08-05T21:24:52.000Z,Randonnée,22656.0,2026-08-05T23:47:52.000Z
2244,89943,2026-09-10T03:19:20.000Z,Randonnée,14183.0,2026-09-10T10:32:20.000Z
2245,90207,2026-01-22T18:19:08.000Z,Tennis,,2026-01-22T19:57:08.000Z
2246,90207,2026-02-04T06:18:38.000Z,Tennis,,2026-02-04T09:17:38.000Z
2247,90207,2025-10-31T08:23:51.000Z,Tennis,,2025-10-31T10:44:51.000Z
2248,90207,2026-06-02T02:06:12.000Z,Tennis,,2026-06-02T04:35:12.000Z
2249,90207,2025-12-03T22:07:15.000Z,Tennis,,2025-12-04T00:38:15.000Z
2250,90207,2026-06-29T19:58:54.000Z,Tennis,,2026-06-29T22:41:54.000Z
2251,90207,2025-12-08T05:42:19.000Z,Tennis,,2025-12-08T07:18:19.000Z
2252,90207,2026-04-30T02:24:50.000Z,Tennis,,2026-04-30T04:23:50.000Z
2253,90207,2026-08-12T13:02:40.000Z,Tennis,,2026-08-12T13:57:40.000Z
2254,90207,2026-04-06T21:21:01.000Z,Tennis,,2026-04-06T23:23:01.000Z
2255,90207,2025-12-23T04:40:48.000Z,Tennis,,2025-12-23T07:23:48.000Z
2256,90207,2025-11-25T19:36:26.000Z,Tennis,,2025-11-25T20:21:26.000Z
2257,90207,2026-06-02T18:24:26.000Z,Tennis,,2026-06-02T20:25:26.000Z
2258,90207,2026-06-07T21:58:42.000Z,Tennis,,2026-06-07T23:14:42.000Z
2259,90284,2026-04-06T00:42:52.000Z,Randonnée,27483.0,2026-04-06T03:13:52.000Z
2260,90284,2025-11-12T08:27:57.000Z,Randonnée,23647.0,2025-11-12T09:41:57.000Z
2261,90284,2026-05-17T14:04:18.000Z,Randonnée,23130.0,2026-05-17T15:38:18.000Z
2262,90284,2026-03-15T08:27:11.000Z,Randonnée,26445.0,2026-03-15T14:16:11.000Z
2263,90284,2026-08-10T18:55:47.000Z,Randonnée,6229.0,2026-08-11T01:50:47.000Z
2264,90284,2026-05-08T09:50:46.000Z,Randonnée,3474.0,2026-05-08T17:05:46.000Z
2265,90284,2026-05-10T21:24:46.000Z,Randonnée,4580.0,2026-05-10T23:47:46.000Z
2266,90284,2026-09-03T02:30:36.000Z,Randonnée,21719.0,2026-09-03T07:26:36.000Z
2267,90284,2025-10-17T12:57:17.000Z,Randonnée,10362.0,2025-10-17T15:20:17.000Z
2268,90284,2026-09-16T05:25:52.000Z,Randonnée,28789.0,2026-09-16T11:50:52.000Z
2269,90284,2026-01-18T06:30:23.000Z,Randonnée,17300.0,2026-01-18T09:58:23.000Z
2270,90284,2025-12-11T06:29:06.000Z,Randonnée,23694.0,2025-12-11T11:52:06.000Z
2271,90284,2025-11-02T16:53:04.000Z,Randonnée,19167.0,2025-11-03T00:24:04.000Z
2272,90284,2026-01-30T06:54:49.000Z,Randonnée,26556.0,2026-01-30T12:32:49.000Z
2273,90284,2026-06-20T04:47:54.000Z,Randonnée,21845.0,2026-06-20T08:05:54.000Z
2274,90284,2026-04-22T13:09:30.000Z,Randonnée,18661.0,2026-04-22T14:58:30.000Z
2275,90284,2025-11-19T04:27:40.000Z,Randonnée,16991.0,2025-11-19T05:33:40.000Z
2276,90284,2026-04-03T07:35:11.000Z,Randonnée,14124.0,2026-04-03T15:13:11.000Z
2277,90284,2025-12-20T14:45:12.000Z,Randonnée,7173.0,2025-12-20T16:37:12.000Z
2278,90284,2026-08-01T18:55:54.000Z,Randonnée,27221.0,2026-08-01T21:31:54.000Z
2279,90284,2026-06-30T17:25:14.000Z,Randonnée,17880.0,2026-06-30T22:57:14.000Z
2280,90284,2026-03-24T20:05:25.000Z,Randonnée,27733.0,2026-03-25T00:38:25.000Z
2281,90284,2025-11-16T23:10:20.000Z,Randonnée,27932.0,2025-11-17T07:09:20.000Z
2282,90284,2026-01-26T00:04:30.000Z,Randonnée,21658.0,2026-01-26T04:02:30.000Z
2283,90284,2026-03-17T15:09:35.000Z,Randonnée,27023.0,2026-03-17T23:07:35.000Z
2284,90284,2026-02-06T20:05:30.000Z,Randonnée,7650.0,2026-02-07T03:35:30.000Z
2285,90284,2026-07-13T02:52:19.000Z,Randonnée,24994.0,2026-07-13T04:06:19.000Z
2286,90284,2026-08-25T18:05:47.000Z,Randonnée,21745.0,2026-08-25T20:10:47.000Z
2287,90284,2025-11-14T16:17:32.000Z,Randonnée,8666.0,2025-11-14T19:54:32.000Z
2288,90284,2026-06-22T06:53:30.000Z,Randonnée,23602.0,2026-06-22T11:30:30.000Z
2289,90284,2025-10-04T07:17:18.000Z,Randonnée,23917.0,2025-10-04T08:56:18.000Z
2290,90813,2025-11-07T20:55:51.000Z,Natation,648.0,2025-11-07T21:40:51.000Z
2291,90813,2025-10-20T00:23:31.000Z,Natation,2611.0,2025-10-20T01:58:31.000Z
2292,90813,2025-10-22T17:28:12.000Z,Natation,1857.0,2025-10-22T17:53:12.000Z
2293,90813,2025-11-03T11:28:43.000Z,Natation,4021.0,2025-11-03T13:24:43.000Z
2294,90813,2026-09-11T23:33:30.000Z,Natation,1400.0,2026-09-12T01:08:30.000Z
2295,90813,2025-11-01T06:07:28.000Z,Natation,1155.0,2025-11-01T06:30:28.000Z
2296,90813,2026-02-09T02:04:17.000Z,Natation,2085.0,2026-02-09T03:38:17.000Z
2297,91916,2026-04-11T02:05:42.000Z,Rugby,,2026-04-11T03:20:42.000Z
2298,91916,2026-08-11T07:05:59.000Z,Rugby,,2026-08-11T08:02:59.000Z
2299,91916,2025-12-20T06:34:07.000Z,Rugby,,2025-12-20T08:26:07.000Z
2300,91916,2025-12-02T17:02:40.000Z,Rugby,,2025-12-02T18:23:40.000Z
2301,91916,2026-07-05T16:44:45.000Z,Rugby,,2026-07-05T17:29:45.000Z
2302,91916,2026-09-19T11:28:08.000Z,Rugby,,2026-09-19T12:40:08.000Z
2303,91916,2026-02-16T07:40:58.000Z,Rugby,,2026-02-16T09:25:58.000Z
2304,91916,2026-06-15T13:42:52.000Z,Rugby,,2026-06-15T15:23:52.000Z
2305,91916,2026-08-17T04:21:38.000Z,Rugby,,2026-08-17T05:29:38.000Z
2306,91916,2026-03-10T16:49:21.000Z,Rugby,,2026-03-10T18:22:21.000Z
2307,91916,2025-12-24T08:57:32.000Z,Rugby,,2025-12-24T10:47:32.000Z
2308,91916,2026-07-19T16:51:01.000Z,Rugby,,2026-07-19T17:50:01.000Z
2309,91916,2026-03-26T22:31:06.000Z,Rugby,,2026-03-26T23:31:06.000Z
2310,91916,2025-11-18T18:47:42.000Z,Rugby,,2025-11-18T20:38:42.000Z
2311,91916,2026-06-27T16:34:05.000Z,Rugby,,2026-06-27T18:05:05.000Z
2312,91916,2026-07-04T10:48:02.000Z,Rugby,,2026-07-04T12:44:02.000Z
2313,91916,2026-02-01T10:15:26.000Z,Rugby,,2026-02-01T11:10:26.000Z
2314,91916,2026-02-23T10:25:11.000Z,Rugby,,2026-02-23T11:24:11.000Z
2315,91916,2026-05-18T04:02:08.000Z,Rugby,,2026-05-18T05:45:08.000Z
2316,91916,2025-12-23T17:17:34.000Z,Rugby,,2025-12-23T18:58:34.000Z
2317,91916,2026-01-17T20:29:19.000Z,Rugby,,2026-01-17T22:06:19.000Z
2318,91916,2026-08-25T17:42:36.000Z,Rugby,,2026-08-25T18:51:36.000Z
2319,91916,2026-09-26T16:52:43.000Z,Rugby,,2026-09-26T18:37:43.000Z
2320,91916,2025-10-01T23:10:21.000Z,Rugby,,2025-10-02T00:17:21.000Z
2321,91916,2026-02-27T22:26:02.000Z,Rugby,,2026-02-27T23:24:02.000Z
2322,91916,2026-06-09T18:06:52.000Z,Rugby,,2026-06-09T19:57:52.000Z
2323,91916,2025-11-21T16:16:57.000Z,Rugby,,2025-11-21T17:16:57.000Z
2324,91916,2026-06-23T22:12:55.000Z,Rugby,,2026-06-23T23:48:55.000Z
2325,91916,2025-10-22T03:08:41.000Z,Rugby,,2025-10-22T04:14:41.000Z
2326,91916,2026-02-05T12:16:32.000Z,Rugby,,2026-02-05T13:26:32.000Z
2327,91916,2025-11-13T16:13:34.000Z,Rugby,,2025-11-13T17:49:34.000Z
2328,91916,2026-07-05T15:21:30.000Z,Rugby,,2026-07-05T17:00:30.000Z
2329,91916,2026-07-21T00:36:40.000Z,Rugby,,2026-07-21T01:56:40.000Z
2330,91916,2026-02-12T07:04:02.000Z,Rugby,,2026-02-12T08:40:02.000Z
2331,91916,2026-04-03T04:10:24.000Z,Rugby,,2026-04-03T05:46:24.000Z
2332,91916,2025-11-23T05:37:34.000Z,Rugby,,2025-11-23T06:57:34.000Z
2333,91916,2025-11-13T10:53:38.000Z,Rugby,,2025-11-13T11:51:38.000Z
2334,91916,2026-04-08T02:55:39.000Z,Rugby,,2026-04-08T04:42:39.000Z
2335,91916,2025-10-08T13:02:35.000Z,Rugby,,2025-10-08T14:04:35.000Z
2336,91916,2026-08-15T11:04:23.000Z,Rugby,,2026-08-15T11:55:23.000Z
2337,91916,2026-06-17T08:25:10.000Z,Rugby,,2026-06-17T10:13:10.000Z
2338,91916,2026-02-22T14:23:52.000Z,Rugby,,2026-02-22T15:30:52.000Z
2339,91916,2026-01-22T13:51:31.000Z,Rugby,,2026-01-22T14:55:31.000Z
2340,91916,2026-06-10T17:43:04.000Z,Rugby,,2026-06-10T18:37:04.000Z
2341,92368,2025-12-14T10:08:25.000Z,Running,8752.0,2025-12-14T11:27:25.000Z
2342,92368,2026-04-11T01:01:41.000Z,Running,8018.0,2026-04-11T02:23:41.000Z
2343,92368,2026-04-27T06:52:04.000Z,Running,2406.0,2026-04-27T08:21:04.000Z
2344,92368,2026-09-03T19:21:56.000Z,Running,23044.0,2026-09-03T20:36:56.000Z
2345,92368,2026-01-27T03:54:15.000Z,Running,21616.0,2026-01-27T05:11:15.000Z
2346,92368,2025-10-10T23:22:06.000Z,Running,2756.0,2025-10-11T00:40:06.000Z
2347,92368,2026-08-27T03:08:34.000Z,Running,19926.0,2026-08-27T04:52:34.000Z
2348,92368,2026-03-13T06:14:20.000Z,Running,5093.0,2026-03-13T07:36:20.000Z
2349,92368,2026-07-20T17:05:59.000Z,Running,4516.0,2026-07-20T18:27:59.000Z
2350,92368,2026-04-30T01:38:24.000Z,Running,17764.0,2026-04-30T03:22:24.000Z
2351,92368,2026-05-03T08:36:00.000Z,Running,21650.0,2026-05-03T09:56:00.000Z
2352,92368,2026-02-25T23:58:15.000Z,Running,8058.0,2026-02-26T00:25:15.000Z
2353,92368,2026-06-16T17:19:23.000Z,Running,10114.0,2026-06-16T18:57:23.000Z
2354,92368,2025-10-20T20:30:46.000Z,Running,2647.0,2025-10-20T21:31:46.000Z
2355,92368,2026-08-18T00:47:30.000Z,Running,10427.0,2026-08-18T01:23:30.000Z
2356,92368,2026-09-08T03:55:04.000Z,Running,16379.0,2026-09-08T05:52:04.000Z
2357,92368,2026-03-12T06:37:49.000Z,Running,9938.0,2026-03-12T07:09:49.000Z
2358,92368,2026-02-10T10:04:00.000Z,Running,3298.0,2026-02-10T11:16:00.000Z
2359,92368,2025-12-27T02:50:10.000Z,Running,16906.0,2025-12-27T03:41:10.000Z
2360,92368,2025-10-22T10:30:23.000Z,Running,21986.0,2025-10-22T12:18:23.000Z
2361,92368,2025-12-01T22:27:26.000Z,Running,2453.0,2025-12-01T23:30:26.000Z
2362,92368,2026-03-24T23:59:12.000Z,Running,17129.0,2026-03-25T00:23:12.000Z
2363,92368,2026-04-14T21:54:33.000Z,Running,22732.0,2026-04-14T23:26:33.000Z
2364,92368,2026-06-24T06:48:11.000Z,Running,12803.0,2026-06-24T07:10:11.000Z
2365,92368,2026-02-20T16:46:10.000Z,Running,15118.0,2026-02-20T17:46:10.000Z
2366,92368,2025-11-03T22:52:09.000Z,Running,20592.0,2025-11-04T00:25:09.000Z
2367,92368,2026-06-16T04:29:36.000Z,Running,6736.0,2026-06-16T06:17:36.000Z
2368,92368,2026-08-08T03:19:44.000Z,Running,19593.0,2026-08-08T04:43:44.000Z
2369,92368,2026-05-23T18:36:40.000Z,Running,8889.0,2026-05-23T19:17:40.000Z
2370,92368,2026-04-07T23:55:32.000Z,Running,16615.0,2026-04-08T00:40:32.000Z
2371,92368,2025-12-19T03:22:16.000Z,Running,8609.0,2025-12-19T04:50:16.000Z
2372,92368,2026-05-07T17:36:01.000Z,Running,11247.0,2026-05-07T18:34:01.000Z
2373,92368,2026-07-12T12:13:05.000Z,Running,24033.0,2026-07-12T13:52:05.000Z
2374,92368,2026-02-04T19:33:29.000Z,Running,8287.0,2026-02-04T21:08:29.000Z
2375,92368,2026-03-11T20:54:55.000Z,Running,6824.0,2026-03-11T22:14:55.000Z
2376,92368,2026-08-12T21:48:12.000Z,Running,8942.0,2026-08-12T23:31:12.000Z
2377,92440,2026-04-24T16:40:34.000Z,Triathlon,31935.0,2026-04-24T20:29:34.000Z
2378,92440,2026-01-02T13:57:27.000Z,Triathlon,53747.0,2026-01-02T16:39:27.000Z
2379,92440,2026-07-20T11:47:49.000Z,Triathlon,48329.0,2026-07-20T15:38:49.000Z
2380,92440,2026-06-27T03:31:33.000Z,Triathlon,46136.0,2026-06-27T07:11:33.000Z
2381,92440,2026-04-08T20:54:54.000Z,Triathlon,24907.0,2026-04-09T00:21:54.000Z
2382,92440,2026-09-25T22:59:29.000Z,Triathlon,54655.0,2026-09-26T01:07:29.000Z
2383,92440,2026-05-04T20:35:15.000Z,Triathlon,60863.0,2026-05-05T01:34:15.000Z
2384,92440,2025-12-13T22:10:30.000Z,Triathlon,35499.0,2025-12-14T01:23:30.000Z
2385,92440,2025-11-24T10:30:24.000Z,Triathlon,62250.0,2025-11-24T12:31:24.000Z
2386,92440,2026-03-15T02:07:03.000Z,Triathlon,38718.0,2026-03-15T06:43:03.000Z
2387,92440,2025-12-15T01:17:54.000Z,Triathlon,69218.0,2025-12-15T04:59:54.000Z
2388,92440,2026-01-16T11:26:58.000Z,Triathlon,55223.0,2026-01-16T15:56:58.000Z
2389,92440,2026-05-18T11:53:27.000Z,Triathlon,26529.0,2026-05-18T15:48:27.000Z
2390,92440,2025-11-24T05:44:58.000Z,Triathlon,23434.0,2025-11-24T07:13:58.000Z
2391,92440,2026-08-14T06:19:53.000Z,Triathlon,31738.0,2026-08-14T10:43:53.000Z
2392,92440,2026-03-15T09:03:12.000Z,Triathlon,39541.0,2026-03-15T12:26:12.000Z
2393,92440,2025-11-27T21:19:43.000Z,Triathlon,29090.0,2025-11-27T23:10:43.000Z
2394,92440,2026-07-30T16:15:22.000Z,Triathlon,66248.0,2026-07-30T18:21:22.000Z
2395,92440,2026-06-04T05:15:13.000Z,Triathlon,69676.0,2026-06-04T07:00:13.000Z
2396,92440,2025-10-04T17:33:46.000Z,Triathlon,13873.0,2025-10-04T21:53:46.000Z
2397,92440,2026-05-18T15:18:57.000Z,Triathlon,30859.0,2026-05-18T17:38:57.000Z
2398,92440,2026-03-04T01:34:43.000Z,Triathlon,72774.0,2026-03-04T06:24:43.000Z
2399,92440,2026-08-19T03:36:03.000Z,Triathlon,60696.0,2026-08-19T06:17:03.000Z
2400,92440,2025-11-09T11:17:06.000Z,Triathlon,49968.0,2025-11-09T13:17:06.000Z
2401,92440,2025-11-12T20:28:14.000Z,Triathlon,46537.0,2025-11-13T01:26:14.000Z
2402,92440,2026-04-07T19:15:34.000Z,Triathlon,71920.0,2026-04-07T21:19:34.000Z
2403,92440,2025-11-13T11:42:09.000Z,Triathlon,64123.0,2025-11-13T15:15:09.000Z
2404,92440,2026-08-16T05:55:00.000Z,Triathlon,50903.0,2026-08-16T08:19:00.000Z
2405,92440,2026-07-14T15:21:12.000Z,Triathlon,62077.0,2026-07-14T19:47:12.000Z
2406,92440,2025-11-22T00:46:03.000Z,Triathlon,17477.0,2025-11-22T02:41:03.000Z
2407,92440,2026-03-16T16:12:27.000Z,Triathlon,38586.0,2026-03-16T18:22:27.000Z
2408,92440,2026-04-22T04:18:01.000Z,Triathlon,36229.0,2026-04-22T07:23:01.000Z
2409,93699,2026-03-10T13:55:41.000Z,Running,12922.0,2026-03-10T15:24:41.000Z
2410,93699,2026-09-03T12:54:52.000Z,Running,20038.0,2026-09-03T13:49:52.000Z
2411,93699,2026-03-30T13:23:16.000Z,Running,18460.0,2026-03-30T14:29:16.000Z
2412,93699,2026-06-04T15:32:29.000Z,Running,24237.0,2026-06-04T15:54:29.000Z
2413,93699,2026-06-11T04:22:11.000Z,Running,20376.0,2026-06-11T06:16:11.000Z
2414,93699,2026-09-18T07:19:18.000Z,Running,20142.0,2026-09-18T09:07:18.000Z
2415,93699,2026-04-29T15:47:50.000Z,Running,10848.0,2026-04-29T16:39:50.000Z
2416,93699,2025-11-13T09:37:24.000Z,Running,14303.0,2025-11-13T11:24:24.000Z
2417,93699,2026-02-24T20:48:44.000Z,Running,2181.0,2026-02-24T22:04:44.000Z
2418,93699,2026-01-21T20:28:51.000Z,Running,4076.0,2026-01-21T21:20:51.000Z
2419,93699,2025-12-17T16:56:39.000Z,Running,21767.0,2025-12-17T17:54:39.000Z
2420,93699,2026-05-30T04:38:01.000Z,Running,9295.0,2026-05-30T05:54:01.000Z
2421,93699,2026-01-11T10:12:19.000Z,Running,21928.0,2026-01-11T10:36:19.000Z
2422,93699,2026-07-10T04:47:49.000Z,Running,11498.0,2026-07-10T06:07:49.000Z
2423,93699,2026-03-10T00:44:11.000Z,Running,22166.0,2026-03-10T02:35:11.000Z
2424,93699,2026-06-25T06:19:33.000Z,Running,8002.0,2026-06-25T06:59:33.000Z
2425,93699,2026-03-09T10:47:51.000Z,Running,15849.0,2026-03-09T11:52:51.000Z
2426,93699,2026-01-31T21:42:06.000Z,Running,12425.0,2026-01-31T23:36:06.000Z
2427,93699,2025-10-17T05:35:46.000Z,Running,16752.0,2025-10-17T07:32:46.000Z
2428,93699,2026-03-18T04:50:01.000Z,Running,20193.0,2026-03-18T06:30:01.000Z
2429,93699,2026-03-01T14:26:20.000Z,Running,6602.0,2026-03-01T14:46:20.000Z
2430,93699,2026-05-08T14:55:55.000Z,Running,3891.0,2026-05-08T15:55:55.000Z
2431,93699,2026-04-15T12:52:44.000Z,Running,18412.0,2026-04-15T13:43:44.000Z
2432,93699,2026-06-20T07:41:05.000Z,Running,11437.0,2026-06-20T09:17:05.000Z
2433,93699,2026-03-31T18:41:21.000Z,Running,22091.0,2026-03-31T19:58:21.000Z
2434,94680,2026-06-20T23:39:20.000Z,Natation,3169.0,2026-06-21T00:21:20.000Z
2435,94680,2025-12-13T03:40:48.000Z,Natation,880.0,2025-12-13T04:36:48.000Z
2436,94680,2026-02-26T19:37:53.000Z,Natation,4444.0,2026-02-26T20:20:53.000Z
2437,94680,2025-10-05T22:05:48.000Z,Natation,4654.0,2025-10-05T22:27:48.000Z
2438,94680,2026-03-25T14:06:44.000Z,Natation,1392.0,2026-03-25T14:37:44.000Z
2439,94680,2026-03-01T17:54:58.000Z,Natation,3281.0,2026-03-01T18:20:58.000Z
2440,94680,2025-10-31T14:06:40.000Z,Natation,4811.0,2025-10-31T14:45:40.000Z
2441,94680,2025-11-11T13:47:10.000Z,Natation,564.0,2025-11-11T15:19:10.000Z
2442,94680,2026-07-24T08:13:52.000Z,Natation,4640.0,2026-07-24T09:28:52.000Z
2443,94680,2026-04-06T21:48:10.000Z,Natation,1033.0,2026-04-06T23:34:10.000Z
2444,94680,2026-08-27T17:49:57.000Z,Natation,4160.0,2026-08-27T18:33:57.000Z
2445,94680,2026-07-13T21:21:11.000Z,Natation,2724.0,2026-07-13T22:17:11.000Z
2446,94680,2026-08-25T13:38:46.000Z,Natation,1430.0,2026-08-25T14:53:46.000Z
2447,94680,2026-07-06T05:24:36.000Z,Natation,3547.0,2026-07-06T06:20:36.000Z
2448,94680,2026-03-04T15:43:14.000Z,Natation,4066.0,2026-03-04T16:26:14.000Z
2449,94680,2026-01-06T16:08:52.000Z,Natation,1560.0,2026-01-06T17:05:52.000Z
2450,94680,2026-02-17T13:16:24.000Z,Natation,3123.0,2026-02-17T14:07:24.000Z
2451,94680,2025-10-01T00:11:29.000Z,Natation,2610.0,2025-10-01T00:41:29.000Z
2452,94680,2026-02-28T09:28:42.000Z,Natation,3591.0,2026-02-28T11:16:42.000Z
2453,94680,2026-03-10T09:21:27.000Z,Natation,3812.0,2026-03-10T11:11:27.000Z
2454,94680,2025-11-03T00:04:06.000Z,Natation,3006.0,2025-11-03T00:33:06.000Z
2455,96558,2025-12-27T04:52:51.000Z,Triathlon,42965.0,2025-12-27T09:50:51.000Z
2456,96558,2026-09-26T19:06:54.000Z,Triathlon,56955.0,2026-09-26T22:41:54.000Z
2457,96558,2026-01-03T12:15:12.000Z,Triathlon,45318.0,2026-01-03T13:16:12.000Z
2458,96558,2026-02-27T06:50:27.000Z,Triathlon,56988.0,2026-02-27T09:07:27.000Z
2459,96558,2026-05-02T07:28:51.000Z,Triathlon,12879.0,2026-05-02T12:16:51.000Z
2460,96558,2025-12-01T23:16:13.000Z,Triathlon,45262.0,2025-12-02T01:22:13.000Z
2461,96558,2026-03-27T18:52:01.000Z,Triathlon,19234.0,2026-03-27T23:36:01.000Z
2462,96558,2026-04-20T23:54:29.000Z,Triathlon,40305.0,2026-04-21T03:55:29.000Z
2463,96558,2026-01-26T15:53:03.000Z,Triathlon,13091.0,2026-01-26T17:22:03.000Z
2464,96558,2026-08-31T12:38:32.000Z,Triathlon,78136.0,2026-08-31T15:45:32.000Z
2465,96558,2026-02-14T00:57:46.000Z,Triathlon,74837.0,2026-02-14T05:08:46.000Z
2466,96558,2026-09-02T13:38:22.000Z,Triathlon,28425.0,2026-09-02T18:29:22.000Z
2467,96558,2026-01-26T13:28:03.000Z,Triathlon,40504.0,2026-01-26T16:40:03.000Z
2468,96558,2026-07-10T04:07:08.000Z,Triathlon,79620.0,2026-07-10T06:27:08.000Z
2469,96558,2026-08-24T06:50:59.000Z,Triathlon,74600.0,2026-08-24T10:12:59.000Z
2470,96558,2025-12-09T08:51:41.000Z,Triathlon,20403.0,2025-12-09T10:04:41.000Z
2471,96558,2025-10-10T22:15:37.000Z,Triathlon,42917.0,2025-10-11T00:01:37.000Z
2472,96558,2026-03-27T09:59:37.000Z,Triathlon,40550.0,2026-03-27T13:59:37.000Z
2473,96558,2026-03-17T11:15:42.000Z,Triathlon,34956.0,2026-03-17T12:25:42.000Z
2474,96558,2026-03-23T18:37:46.000Z,Triathlon,44509.0,2026-03-23T21:41:46.000Z
2475,96558,2026-02-09T18:32:53.000Z,Triathlon,16550.0,2026-02-09T20:03:53.000Z
2476,96558,2026-08-17T06:19:55.000Z,Triathlon,21781.0,2026-08-17T08:05:55.000Z
2477,96558,2026-01-10T22:36:05.000Z,Triathlon,49427.0,2026-01-11T03:06:05.000Z
2478,96558,2025-09-28T14:27:16.000Z,Triathlon,46821.0,2025-09-28T17:56:16.000Z
2479,96558,2026-09-19T10:52:22.000Z,Triathlon,15378.0,2026-09-19T13:38:22.000Z
2480,96558,2025-11-02T14:59:18.000Z,Triathlon,72116.0,2025-11-02T18:52:18.000Z
2481,97309,2026-02-27T01:55:43.000Z,Tennis,,2026-02-27T03:11:43.000Z
2482,97309,2026-08-18T01:11:34.000Z,Tennis,,2026-08-18T02:23:34.000Z
2483,97309,2025-10-08T05:07:47.000Z,Tennis,,2025-10-08T06:31:47.000Z
2484,97309,2026-08-15T14:40:40.000Z,Tennis,,2026-08-15T17:22:40.000Z
2485,97309,2026-05-29T00:42:33.000Z,Tennis,,2026-05-29T03:23:33.000Z
2486,97309,2026-02-01T22:28:53.000Z,Tennis,,2026-02-01T23:14:53.000Z
2487,97309,2026-01-31T04:25:53.000Z,Tennis,,2026-01-31T07:05:53.000Z
2488,97309,2026-08-28T06:20:31.000Z,Tennis,,2026-08-28T07:59:31.000Z
2489,97309,2026-01-30T12:10:14.000Z,Tennis,,2026-01-30T14:07:14.000Z
2490,97309,2026-04-27T11:51:56.000Z,Tennis,,2026-04-27T12:54:56.000Z
2491,97309,2026-02-28T21:37:50.000Z,Tennis,,2026-02-28T22:45:50.000Z
2492,97309,2025-12-29T05:42:32.000Z,Tennis,,2025-12-29T07:12:32.000Z
2493,97309,2025-10-04T23:11:09.000Z,Tennis,,2025-10-05T00:18:09.000Z
2494,97309,2026-02-24T21:06:34.000Z,Tennis,,2026-02-24T22:32:34.000Z
2495,97309,2026-06-05T08:02:34.000Z,Tennis,,2026-06-05T09:59:34.000Z
2496,97309,2026-01-20T22:39:23.000Z,Tennis,,2026-01-20T23:54:23.000Z
2497,97309,2026-07-09T18:59:06.000Z,Tennis,,2026-07-09T21:34:06.000Z
2498,97309,2026-02-13T10:32:06.000Z,Tennis,,2026-02-13T11:50:06.000Z
2499,97309,2026-04-14T02:16:27.000Z,Tennis,,2026-04-14T04:35:27.000Z
2500,97309,2026-03-18T23:49:27.000Z,Tennis,,2026-03-19T02:39:27.000Z
2501,97309,2026-01-09T06:24:33.000Z,Tennis,,2026-01-09T09:10:33.000Z
2502,97309,2026-07-17T19:00:13.000Z,Tennis,,2026-07-17T20:08:13.000Z
2503,97309,2026-05-23T09:39:44.000Z,Tennis,,2026-05-23T11:58:44.000Z
2504,99401,2026-03-11T10:46:01.000Z,Running,4138.0,2026-03-11T12:26:01.000Z
2505,99401,2026-03-26T00:21:53.000Z,Running,17558.0,2026-03-26T01:24:53.000Z
2506,99401,2026-04-19T18:35:37.000Z,Running,16480.0,2026-04-19T19:58:37.000Z
2507,99401,2026-01-17T21:32:54.000Z,Running,12769.0,2026-01-17T22:02:54.000Z
2508,99401,2026-01-21T15:52:05.000Z,Running,5418.0,2026-01-21T17:13:05.000Z
2509,99401,2026-09-12T15:40:18.000Z,Running,8909.0,2026-09-12T17:27:18.000Z
2510,99401,2026-03-12T02:44:57.000Z,Running,8796.0,2026-03-12T04:10:57.000Z
2511,99401,2025-10-26T17:20:05.000Z,Running,23098.0,2025-10-26T18:50:05.000Z
2512,99401,2026-04-13T07:37:03.000Z,Running,11773.0,2026-04-13T08:10:03.000Z
2513,99401,2026-06-10T15:37:02.000Z,Running,18567.0,2026-06-10T16:56:02.000Z
2514,99401,2026-01-03T23:28:09.000Z,Running,15468.0,2026-01-04T00:33:09.000Z
2515,99401,2025-11-10T05:57:20.000Z,Running,19032.0,2025-11-10T06:19:20.000Z
2516,99401,2026-07-29T07:42:05.000Z,Running,6191.0,2026-07-29T08:24:05.000Z
2517,99401,2025-10-29T08:19:27.000Z,Running,11574.0,2025-10-29T08:44:27.000Z
2518,99401,2026-05-13T01:10:43.000Z,Running,18654.0,2026-05-13T02:10:43.000Z
2519,99401,2026-08-06T17:33:33.000Z,Running,8097.0,2026-08-06T19:12:33.000Z
2520,99401,2025-12-07T21:08:22.000Z,Running,3799.0,2025-12-07T21:55:22.000Z
2521,99401,2025-11-07T07:04:24.000Z,Running,11977.0,2025-11-07T08:50:24.000Z
2522,99401,2026-02-27T09:03:00.000Z,Running,4684.0,2026-02-27T09:23:00.000Z
2523,99401,2026-03-31T07:04:46.000Z,Running,12584.0,2026-03-31T08:47:46.000Z
2524,99401,2026-07-13T00:52:59.000Z,Running,15843.0,2026-07-13T02:36:59.000Z
2525,99401,2026-05-25T04:49:55.000Z,Running,20702.0,2026-05-25T05:47:55.000Z
2526,99401,2026-06-15T16:18:01.000Z,Running,24152.0,2026-06-15T18:06:01.000Z
2527,99401,2025-10-31T00:49:07.000Z,Running,4877.0,2025-10-31T01:47:07.000Z
2528,99401,2025-11-09T11:06:00.000Z,Running,20767.0,2025-11-09T11:50:00.000Z
2529,99401,2025-12-17T06:09:36.000Z,Running,13066.0,2025-12-17T06:32:36.000Z
2530,99401,2025-12-29T21:33:17.000Z,Running,12023.0,2025-12-29T23:16:17.000Z
2531,99401,2025-10-30T10:27:00.000Z,Running,8921.0,2025-10-30T11:11:00.000Z
2532,99401,2026-03-30T01:53:54.000Z,Running,11703.0,2026-03-30T02:31:54.000Z
2533,99401,2026-09-12T11:07:14.000Z,Running,5506.0,2026-09-12T11:48:14.000Z
2534,99401,2026-03-29T02:35:52.000Z,Running,2451.0,2026-03-29T03:57:52.000Z
2535,99401,2025-12-30T05:28:20.000Z,Running,6631.0,2025-12-30T07:02:20.000Z
2536,17027,2026-09-27T02:15:03.158Z,Tennis,,2026-09-27T03:45:03.158Z
2537,17027,2026-09-27T10:53:28.565Z,Tennis,,2026-09-27T11:53:28.565Z
2538,17027,2026-09-27T13:23:10.599Z,Tennis,,2026-09-27T14:08:10.599Z
2539,17027,2026-09-27T15:51:51.747Z,Tennis,,2026-09-27T16:21:51.747Z
2540,17027,2026-09-27T15:47:06.255Z,Tennis,,2026-09-27T16:27:06.255Z
2541,17027,2026-09-27T15:54:58.294Z,Running,5000.0,2026-09-27T16:29:58.294Z
2542,17027,2026-09-27T16:04:52.966Z,Running,5000.0,2026-09-27T16:34:52.966Z
2543,17027,2026-09-27T15:59:57.437Z,Running,6500.0,2026-09-27T16:44:57.437Z
2544,17027,2026-09-27T18:06:24.436Z,Running,6000.0,2026-09-27T18:51:24.436Z
2545,17027,2026-09-30T10:37:20.821Z,Running,6000.0,2026-09-30T11:07:20.821Z
2546,17027,2026-09-30T11:25:27.415Z,Tennis,,2026-09-30T12:10:27.415Z
2547,18941,2026-09-30T11:47:47.029Z,Running,5000.0,2026-09-30T12:17:47.029Z
2548,18941,2026-09-30T12:00:56.508Z,Running,5000.0,2026-09-30T12:30:56.508Z
2549,18941,2026-09-30T12:05:12.366Z,Running,6500.0,2026-09-30T12:45:12.366Z
2550,18941,2026-09-30T12:48:58.000Z,Running,7000.0,2026-09-30T13:23:58.000Z
2558,17027,2026-10-02T19:03:33.000Z,Running,,2026-10-02T19:33:33.000Z
2557,17027,2026-10-02T19:01:26.000Z,Running,,2026-10-02T19:46:26.000Z
